1,Browseblab,Multi-lateral executive function,Bob,26444.86,2016-10-20,Negotiating
2,Mita,Organic demand-driven benchmark,Maria,477878.41,2016-11-28,ClosedWon
3,Miboo,De-engineered hybrid groupware,Olivier,80181.78,2017-01-05,ClosedWon
4,Youbridge,Enterprise-wide bottom-line Graphic Interface,Chris,946245.29,2016-07-02,ClosedWon
5,Skyba,Reverse-engineered fresh-thinking standardization,Maria,696241.82,2017-02-17,Negotiating
6,Eayo,Fundamental well-modulated artificial intelligence,Bob,765605.52,2016-08-27,Prospecting
7,Yotz,Extended secondary infrastructure,Chris,319624.20,2017-01-06,ClosedLost
8,Oloo,Configurable web-enabled data-warehouse,Chris,321016.26,2017-03-08,ClosedLost
9,Kaymbo,Multi-lateral web-enabled definition,Bob,690881.01,2017-01-02,Developing
10,Rhyloo,Public-key coherent infrastructure,Chris,965477.74,2016-11-07,Prospecting
11,Kayveo,Grass-roots zero tolerance product,Maria,156560.56,2016-10-13,Prospecting
12,Thoughtmix,Virtual composite installation,Bill,382419.10,2016-11-21,Negotiating
13,Browsetype,Mandatory multimedia internet solution,Maria,884446.06,2016-07-27,ClosedWon
14,Photospace,Networked actuating moderator,Bob,401435.33,2016-10-26,ClosedWon
15,Skipfire,Visionary national methodology,Maria,374626.50,2016-07-08,Prospecting
16,Zoomzone,Future-proofed attitude-oriented toolset,Olivier,929195.59,2016-12-06,Prospecting
17,Podcat,Team-oriented modular moratorium,Chris,858319.08,2016-10-22,Negotiating
18,Zoomdog,Persevering 5th generation middleware,Bob,177570.51,2016-10-27,Prospecting
19,Eimbee,Virtual optimal process improvement,Bob,867992.47,2017-02-25,Prospecting
20,Skyble,Integrated web-enabled framework,Bob,345497.37,2017-03-08,ClosedWon
21,Gigazoom,Right-sized context-sensitive migration,Maria,417081.04,2016-11-14,Prospecting
22,Bubblebox,Cross-group content-based system engine,Olivier,500560.41,2017-01-05,ClosedWon
23,Feednation,Reduced zero defect Graphic Interface,Bob,433589.21,2017-02-04,Prospecting
24,Brainlounge,Up-sized bi-directional capability,Chris,399844.94,2016-12-26,ClosedLost
25,Topicstorm,Robust object-oriented hierarchy,Olivier,93133.53,2017-01-19,Developing
26,Teklist,Integrated discrete hierarchy,Bill,872232.37,2017-03-01,ClosedWon
27,Quatz,Operative context-sensitive matrices,Chris,761565.54,2016-08-18,ClosedLost
28,Wordware,Adaptive user-facing hierarchy,Maria,821747.24,2017-01-28,ClosedWon
29,Trunyx,Re-contextualized eco-centric service-desk,Bob,200301.57,2016-11-02,Developing
30,Pixoboo,Enterprise-wide system-worthy productivity,Bill,995153.57,2017-03-21,ClosedWon
31,Realpoint,Adaptive attitude-oriented policy,Bill,726508.25,2016-07-21,Negotiating
32,Yamia,Realigned bandwidth-monitored website,Maria,770962.04,2016-08-21,ClosedWon
33,Janyx,Profound 6th generation website,Olivier,876896.66,2016-10-01,Negotiating
34,Topicware,Ergonomic systemic hardware,Bob,815808.98,2017-03-24,ClosedLost
35,Quatz,User-friendly directional hardware,Olivier,694259.35,2017-02-19,ClosedLost
36,Topiclounge,Decentralized real-time secured line,Olivier,288796.14,2016-12-20,ClosedLost
37,Voomm,Realigned high-level matrix,Maria,92297.46,2016-10-05,ClosedLost
38,Fatz,Mandatory optimizing database,Bill,882734.51,2017-01-09,Developing
39,Shuffledrive,Expanded asynchronous benchmark,Bob,407652.01,2017-03-18,Developing
40,Avamba,Reverse-engineered 24/7 hierarchy,Maria,865455.48,2016-10-29,Negotiating
41,Skajo,Function-based system-worthy implementation,Maria,332339.39,2016-10-25,Prospecting
42,Tagtune,User-centric dedicated forecast,Bob,378177.74,2017-03-26,Developing
43,Agivu,Profound 6th generation function,Bob,147479.42,2016-11-01,ClosedWon
44,Jazzy,Implemented actuating array,Maria,294050.40,2017-03-07,Prospecting
45,Twimbo,Streamlined empowering artificial intelligence,Bill,632151.27,2016-07-04,Prospecting
46,Jaloo,Pre-emptive content-based migration,Maria,976849.37,2016-11-25,ClosedWon
47,Miboo,Assimilated upward-trending task-force,Maria,192415.79,2016-12-25,ClosedLost
48,Oba,Robust directional migration,Olivier,269105.57,2016-12-14,ClosedLost
49,Realblab,Synchronised next generation structure,Maria,52093.04,2016-08-26,Negotiating
50,Thoughtworks,Multi-channelled coherent attitude,Chris,44378.26,2016-08-29,ClosedWon
51,Cogibox,Assimilated tangible frame,Bob,754278.32,2016-11-26,Negotiating
52,Wikivu,Ameliorated executive support,Bob,566869.57,2016-11-26,ClosedLost
53,Browsetype,Digitized tangible website,Maria,794954.90,2016-10-13,Prospecting
54,Realcube,Streamlined secondary software,Bob,517541.26,2016-12-25,ClosedLost
55,Ntag,Profound clear-thinking migration,Bill,585465.46,2016-07-07,Negotiating
56,Rhybox,Multi-tiered content-based array,Olivier,188907.06,2017-03-04,Negotiating
57,Zooveo,Business-focused zero defect product,Bill,434696.25,2016-08-03,ClosedLost
58,Npath,Intuitive interactive leverage,Maria,395190.61,2016-11-10,Developing
59,Skaboo,Optimized executive intranet,Bill,645012.60,2016-07-01,ClosedWon
60,Eimbee,Down-sized static budgetary management,Maria,755115.14,2017-03-29,Developing
61,Wikivu,Intuitive transitional installation,Maria,581691.17,2016-09-08,ClosedLost
62,Voonder,Front-line scalable throughput,Maria,586457.78,2017-02-04,ClosedWon
63,Mymm,Quality-focused optimal alliance,Maria,476866.78,2016-11-26,Negotiating
64,Yombu,Integrated foreground encryption,Bob,536875.51,2017-01-02,ClosedWon
65,Layo,Enterprise-wide uniform task-force,Bill,511535.65,2017-01-21,ClosedLost
66,Rhynoodle,Sharable cohesive workforce,Maria,107250.04,2017-01-16,Prospecting
67,Mynte,Object-based 3rd generation hub,Chris,106703.70,2016-07-28,Developing
68,Cogibox,User-centric neutral application,Bill,767279.37,2017-03-23,Prospecting
69,Trudoo,Up-sized actuating benchmark,Maria,622507.33,2016-11-05,Developing
70,Quaxo,Reverse-engineered static success,Olivier,877229.12,2016-10-18,Prospecting
71,Lazz,Monitored bottom-line customer loyalty,Chris,540070.04,2016-10-06,Negotiating
72,Voonte,Reverse-engineered bottom-line utilisation,Olivier,370188.71,2017-03-12,ClosedWon
73,Mydeo,Profound zero administration functionalities,Olivier,392175.55,2017-01-22,Developing
74,Tambee,Switchable 5th generation array,Chris,572078.65,2017-03-29,ClosedLost
75,Thoughtblab,Sharable eco-centric capacity,Bill,335160.83,2016-07-14,Negotiating
76,Fivechat,Compatible upward-trending workforce,Bob,289749.31,2016-10-16,Prospecting
77,Avamm,Programmable user-facing hub,Chris,699566.86,2016-10-09,ClosedWon
78,Eire,Balanced asynchronous emulation,Maria,419019.32,2017-01-05,Prospecting
79,Topiclounge,Self-enabling multi-state projection,Bob,456563.17,2017-01-04,Prospecting
80,Topdrive,Customizable demand-driven website,Bob,553486.57,2016-09-26,Negotiating
81,Devpoint,Open-source cohesive approach,Bill,81181.30,2016-11-09,ClosedLost
82,Edgewire,Sharable optimal paradigm,Maria,301123.96,2016-10-25,ClosedWon
83,Ailane,Business-focused bandwidth-monitored throughput,Bob,710230.99,2017-02-02,ClosedWon
84,Livetube,Persistent even-keeled capacity,Bill,405724.37,2016-09-06,Negotiating
85,Demimbu,Face to face value-added architecture,Bill,677237.80,2016-08-19,ClosedWon
86,Dabvine,Front-line asynchronous implementation,Olivier,725103.26,2016-09-21,Developing
87,Quatz,Configurable leading edge local area network,Bill,700119.45,2016-09-30,ClosedLost
88,Jabbersphere,Visionary holistic functionalities,Bill,138400.79,2016-12-29,ClosedLost
89,Feedfish,Customizable web-enabled intranet,Bill,531926.14,2016-10-09,ClosedLost
90,Livetube,Realigned value-added core,Bob,426821.48,2016-11-11,ClosedWon
91,Gigazoom,Persevering cohesive Graphic Interface,Bill,976639.91,2017-01-27,ClosedWon
92,Katz,Reactive hybrid open system,Bob,113521.81,2016-10-26,Developing
93,Nlounge,Sharable tangible productivity,Chris,116376.56,2017-02-11,ClosedWon
94,Photobean,Assimilated eco-centric secured line,Bob,338611.42,2016-08-28,ClosedLost
95,Riffwire,Multi-channelled coherent artificial intelligence,Bob,501264.08,2016-11-02,Negotiating
96,Leenti,Decentralized zero tolerance attitude,Bill,808732.73,2016-11-17,Prospecting
97,Wordify,Enterprise-wide reciprocal encryption,Olivier,795963.17,2016-07-01,Negotiating
98,Yakidoo,Open-source logistical interface,Chris,798798.53,2016-08-30,Prospecting
99,Divape,Adaptive optimizing analyzer,Chris,117459.36,2016-12-01,ClosedLost
100,Vimbo,Function-based attitude-oriented matrices,Chris,858592.95,2016-07-17,Prospecting
101,Quire,Networked cohesive internet solution,Bill,665591.07,2016-09-28,Prospecting
102,Browsetype,Multi-lateral 6th generation help-desk,Chris,39194.02,2016-10-19,ClosedWon
103,Tagpad,Distributed mission-critical projection,Chris,767672.04,2016-07-09,ClosedWon
104,Kwilith,Digitized intangible data-warehouse,Bill,849122.78,2016-08-10,ClosedWon
105,Demizz,Grass-roots well-modulated firmware,Bill,852025.58,2016-08-29,ClosedLost
106,Rhyloo,Team-oriented contextually-based core,Maria,239255.89,2017-03-02,ClosedLost
107,Ooba,Digitized holistic time-frame,Bill,88801.69,2016-09-22,ClosedWon
108,Shufflester,Configurable background solution,Chris,845107.84,2017-02-26,Negotiating
109,Shufflebeat,Triple-buffered tangible adapter,Maria,674257.88,2016-08-07,Developing
110,Gabspot,Cross-platform exuding instruction set,Chris,365726.65,2017-01-01,Prospecting
111,Quinu,Horizontal even-keeled solution,Chris,122491.25,2016-08-25,Negotiating
112,Topdrive,Reduced dedicated architecture,Bill,770454.14,2016-07-30,ClosedWon
113,Quatz,Virtual contextually-based matrix,Maria,102292.77,2016-10-07,Prospecting
114,Skynoodle,Virtual 24 hour solution,Maria,133922.05,2017-03-01,ClosedLost
115,Centimia,Persistent user-facing local area network,Olivier,379784.50,2017-03-15,Developing
116,Quimm,Triple-buffered non-volatile hub,Bob,430625.84,2016-11-23,Prospecting
117,Vitz,Public-key empowering system engine,Bill,200743.63,2017-01-29,ClosedWon
118,Thoughtstorm,Organized impactful collaboration,Chris,267194.72,2016-11-01,Negotiating
119,Zoombox,Monitored 5th generation workforce,Olivier,809586.24,2016-10-28,ClosedLost
120,Oodoo,Versatile web-enabled capability,Bob,180195.74,2016-09-23,Developing
121,Abata,De-engineered bi-directional concept,Maria,645098.45,2016-09-10,ClosedWon
122,Blogtag,Configurable demand-driven customer loyalty,Bill,551688.62,2016-11-23,ClosedWon
123,Tagtune,Optional non-volatile analyzer,Bob,344268.71,2017-01-28,Prospecting
124,BlogXS,Cross-group needs-based definition,Maria,563754.11,2016-11-04,Prospecting
125,Skippad,Fully-configurable multi-tasking secured line,Chris,133085.58,2016-08-18,Developing
126,Photofeed,Object-based encompassing function,Bill,553043.87,2016-07-29,ClosedLost
127,Yakitri,Self-enabling multi-state function,Chris,696698.55,2016-08-01,Negotiating
128,Skinix,Digitized intermediate focus group,Olivier,768916.39,2017-01-21,Negotiating
129,Fanoodle,Customizable analyzing matrices,Olivier,403434.36,2016-07-20,ClosedWon
130,Pixonyx,Re-engineered scalable encryption,Maria,584468.01,2017-01-13,Negotiating
131,Leexo,Programmable zero administration instruction set,Bob,960855.25,2016-11-20,ClosedWon
132,Tazz,Secured fault-tolerant customer loyalty,Bill,322566.49,2017-02-04,ClosedLost
133,Wikizz,Operative context-sensitive local area network,Chris,587846.75,2016-10-25,Prospecting
134,Fivespan,Enterprise-wide impactful model,Bob,655988.28,2017-02-12,ClosedWon
135,Brainlounge,Open-architected foreground flexibility,Maria,903834.17,2017-03-08,Developing
136,Edgeblab,Optional scalable budgetary management,Olivier,314413.44,2016-08-13,Prospecting
137,Jayo,Balanced fresh-thinking system engine,Bob,175573.19,2017-02-15,Prospecting
138,Trupe,Synchronised interactive utilisation,Bill,712290.54,2017-01-05,ClosedLost
139,Mydo,Progressive grid-enabled moderator,Chris,784546.64,2017-03-26,Negotiating
140,Ainyx,Multi-lateral exuding matrix,Maria,696730.15,2016-11-13,Developing
141,Jetpulse,Reverse-engineered systematic project,Maria,926576.37,2017-03-01,Developing
142,Youbridge,Balanced mobile help-desk,Chris,263630.22,2016-12-04,ClosedLost
143,Tagfeed,Versatile optimal protocol,Bill,287369.77,2016-09-14,Developing
144,Yozio,Ergonomic composite collaboration,Bill,439350.12,2017-01-19,ClosedLost
145,Nlounge,Visionary maximized groupware,Chris,714948.79,2017-02-21,Developing
146,Mita,Integrated zero tolerance open system,Bill,999764.01,2017-02-08,Negotiating
147,Muxo,Versatile national task-force,Maria,468329.26,2016-10-01,ClosedLost
148,Quimba,Fully-configurable multi-tasking middleware,Chris,479187.48,2017-03-07,Prospecting
149,Dabjam,Face to face analyzing data-warehouse,Bill,536552.36,2016-07-26,ClosedLost
150,Minyx,Extended real-time definition,Olivier,388497.35,2016-11-21,Developing
151,Abatz,Multi-lateral logistical Graphical User Interface,Chris,795424.15,2016-10-19,ClosedLost
152,Wikibox,Team-oriented 6th generation matrices,Olivier,578316.42,2016-12-26,Negotiating
153,Yabox,Configurable value-added flexibility,Maria,850183.94,2016-08-15,ClosedWon
154,Voolia,Open-source dynamic productivity,Bill,647888.22,2016-07-14,Developing
155,Yombu,Horizontal content-based open architecture,Bill,763115.41,2016-07-09,Negotiating
156,Quimba,Open-source 5th generation open system,Chris,931322.02,2017-02-02,Prospecting
157,Zoonder,Public-key 4th generation focus group,Bill,683538.84,2017-02-13,Negotiating
158,Lazz,Up-sized incremental framework,Chris,871824.88,2016-09-26,ClosedWon
159,Topiclounge,Operative holistic middleware,Bob,190366.46,2017-02-23,Developing
160,Tekfly,Ergonomic next generation monitoring,Bill,459795.58,2016-07-27,ClosedLost
161,Linkbridge,Reverse-engineered scalable capability,Chris,638458.55,2016-12-25,Negotiating
162,Kwideo,Public-key reciprocal open architecture,Bill,374245.33,2016-12-22,Prospecting
163,Wikivu,Down-sized grid-enabled emulation,Chris,856223.32,2017-02-15,Negotiating
164,Livepath,Synergized user-facing moratorium,Bob,121297.71,2016-09-21,ClosedWon
165,InnoZ,Public-key homogeneous core,Maria,187509.47,2017-01-21,ClosedWon
166,Skipstorm,Integrated local capability,Bill,151420.86,2016-09-30,ClosedWon
167,Thoughtworks,Focused dynamic throughput,Bill,146086.51,2016-10-04,ClosedWon
168,Oloo,Enhanced multimedia attitude,Maria,220308.99,2016-10-07,Prospecting
169,Edgeblab,Right-sized intermediate middleware,Maria,911310.53,2017-03-21,Prospecting
170,Plajo,Switchable motivating data-warehouse,Maria,767371.92,2016-10-31,Prospecting
171,Skyba,Stand-alone solution-oriented focus group,Bill,902248.02,2016-10-28,Developing
172,Voonyx,Versatile high-level productivity,Maria,131306.15,2016-09-26,Developing
173,Youspan,Profound radical firmware,Bill,978249.39,2016-09-18,Prospecting
174,Fliptune,Organized attitude-oriented capacity,Bill,586016.09,2016-08-06,ClosedLost
175,Dabtype,Multi-lateral real-time analyzer,Bob,434765.61,2016-08-02,ClosedLost
176,Skynoodle,Innovative holistic process improvement,Olivier,123915.92,2017-02-25,Prospecting
177,Gigazoom,Adaptive intangible capability,Bill,671699.51,2017-02-15,ClosedLost
178,Tagopia,Balanced explicit orchestration,Chris,540135.84,2017-02-03,Negotiating
179,Thoughtstorm,Mandatory asynchronous contingency,Olivier,604533.07,2016-10-22,ClosedLost
180,Vidoo,Optional foreground customer loyalty,Bob,661333.24,2016-07-19,Prospecting
181,Yodoo,Operative interactive portal,Chris,610744.46,2016-10-30,ClosedWon
182,Thoughtworks,Object-based zero tolerance flexibility,Bill,327379.34,2016-10-13,ClosedLost
183,Myworks,Fundamental bottom-line system engine,Chris,373394.46,2017-02-20,ClosedWon
184,Skynoodle,Universal intermediate frame,Bob,967466.75,2017-03-13,Developing
185,Skajo,Centralized neutral intranet,Olivier,43932.69,2017-02-22,Prospecting
186,Oyoba,Front-line reciprocal forecast,Bill,847066.57,2016-12-16,ClosedLost
187,Divavu,Reactive bi-directional leverage,Bill,772758.68,2016-07-15,Negotiating
188,Jabbersphere,Progressive dynamic functionalities,Maria,521245.52,2017-03-03,Prospecting
189,Yodel,Right-sized grid-enabled paradigm,Chris,203201.75,2017-02-22,Developing
190,Kare,Sharable system-worthy migration,Olivier,141702.49,2016-12-06,ClosedLost
191,Rhynoodle,Function-based clear-thinking concept,Chris,514114.84,2016-08-27,Developing
192,Wordpedia,Face to face impactful customer loyalty,Olivier,565045.43,2016-11-05,Developing
193,Mybuzz,Multi-tiered 24/7 approach,Bill,644847.78,2016-07-14,ClosedLost
194,Mydeo,Profound logistical extranet,Olivier,161890.00,2016-12-09,ClosedWon
195,Jaxbean,Universal cohesive core,Bill,554594.88,2017-01-06,ClosedWon
196,Jetpulse,Switchable multi-state concept,Chris,32128.59,2016-11-20,Prospecting
197,Trilith,Ameliorated coherent database,Olivier,906217.21,2017-02-01,Developing
198,Zoozzy,Multi-channelled asymmetric encoding,Bob,893629.91,2016-07-08,ClosedWon
199,Meetz,Assimilated systemic methodology,Chris,286531.07,2017-02-09,Negotiating
200,Camido,Re-engineered maximized capability,Maria,440482.77,2017-03-22,Prospecting
201,Skidoo,Triple-buffered upward-trending support,Bill,523295.07,2016-07-01,ClosedWon
202,Jabberstorm,Object-based neutral matrix,Bill,727500.99,2016-12-25,ClosedWon
203,Fivebridge,Vision-oriented value-added capability,Bob,247557.11,2016-08-09,Prospecting
204,Devpulse,Organic uniform archive,Olivier,907975.39,2017-02-20,Prospecting
205,Devify,Optional value-added artificial intelligence,Maria,992118.57,2017-01-05,Prospecting
206,Skyvu,Focused 5th generation intranet,Olivier,780408.49,2017-01-31,ClosedWon
207,Edgewire,Re-contextualized client-server neural-net,Bob,830820.29,2016-10-12,ClosedLost
208,Zoomcast,Face to face holistic groupware,Olivier,931770.57,2017-03-25,Developing
209,Divavu,Devolved bandwidth-monitored capacity,Bill,879965.04,2016-09-09,ClosedWon
210,Mydo,Total next generation capacity,Bob,156128.40,2016-07-18,ClosedLost
211,Feedbug,Reactive web-enabled contingency,Chris,192226.40,2017-01-15,Negotiating
212,Pixope,Automated needs-based strategy,Maria,68233.18,2017-01-06,ClosedLost
213,Eire,Intuitive exuding policy,Olivier,216737.57,2016-10-16,ClosedLost
214,Pixonyx,Fundamental full-range software,Maria,795449.86,2017-03-30,Negotiating
215,Zoozzy,Progressive human-resource complexity,Olivier,202447.61,2017-01-07,Prospecting
216,Meevee,Operative dynamic system engine,Olivier,878182.38,2017-02-04,ClosedLost
217,Wikido,De-engineered foreground structure,Bob,179105.91,2017-02-10,Prospecting
218,Shufflester,Enterprise-wide actuating portal,Bill,49300.40,2017-01-23,Negotiating
219,Photojam,Universal neutral hierarchy,Maria,694954.17,2016-07-11,ClosedWon
220,Voonix,Universal high-level solution,Maria,712448.22,2016-08-09,Negotiating
221,Livetube,Intuitive explicit customer loyalty,Maria,861330.66,2016-08-13,Prospecting
222,Wikizz,Integrated 6th generation project,Olivier,786033.58,2016-12-16,Prospecting
223,Fadeo,Right-sized user-facing access,Bob,123786.65,2017-02-05,ClosedWon
224,Rhycero,Grass-roots 6th generation initiative,Chris,413889.56,2016-09-24,Prospecting
225,Tagfeed,Focused context-sensitive collaboration,Chris,127502.74,2016-07-16,Negotiating
226,Livetube,Fully-configurable fresh-thinking collaboration,Chris,360308.35,2016-07-20,ClosedLost
227,Photofeed,Fully-configurable systemic standardization,Maria,54647.69,2017-02-25,Negotiating
228,Layo,Programmable explicit challenge,Bill,848534.66,2017-02-10,Developing
229,Innotype,Right-sized scalable matrices,Maria,987462.23,2017-02-08,Negotiating
230,Talane,Right-sized impactful migration,Bob,628317.76,2016-10-08,Developing
231,Tekfly,Virtual 3rd generation core,Chris,612636.58,2017-01-05,Developing
232,Zoomdog,Robust secondary customer loyalty,Chris,199532.64,2017-03-07,Negotiating
233,Dabjam,User-friendly zero tolerance strategy,Olivier,938424.55,2016-09-06,ClosedLost
234,Oyoyo,Digitized executive local area network,Maria,638154.96,2016-10-20,Developing
235,Reallinks,Object-based user-facing extranet,Olivier,124752.88,2016-12-02,Prospecting
236,Photobean,Front-line incremental product,Olivier,123093.78,2016-08-30,Negotiating
237,Midel,Optional transitional array,Bob,922851.39,2016-11-02,Negotiating
238,Janyx,User-centric client-server capacity,Maria,115502.68,2016-07-11,ClosedWon
239,Ntags,Switchable multi-tasking budgetary management,Maria,756416.99,2016-09-07,Negotiating
240,Skyba,Decentralized multi-state frame,Chris,925077.11,2017-01-30,Prospecting
241,Eayo,Realigned exuding function,Olivier,172465.68,2017-02-08,Negotiating
242,Photobug,Balanced client-driven architecture,Maria,410475.30,2016-07-01,ClosedLost
243,Brainbox,Balanced foreground superstructure,Bob,598275.73,2016-10-29,Negotiating
244,Twitterworks,Reverse-engineered neutral infrastructure,Bob,702195.10,2016-11-19,ClosedWon
245,Lazzy,Extended optimizing concept,Maria,639955.43,2017-02-22,Developing
246,Eamia,Vision-oriented responsive synergy,Bob,135656.96,2017-02-23,ClosedWon
247,Dabvine,Enterprise-wide incremental structure,Bill,119046.56,2016-09-22,Prospecting
248,Fiveclub,Distributed solution-oriented open architecture,Olivier,610742.10,2016-07-12,Prospecting
249,Zooveo,Total foreground toolset,Olivier,80259.70,2017-02-28,ClosedLost
250,Twitternation,Re-engineered analyzing hierarchy,Bob,193423.63,2016-09-12,Negotiating
251,Katz,Sharable national support,Bob,669372.45,2016-10-24,Prospecting
252,Centizu,User-friendly methodical website,Maria,466914.73,2017-02-03,Negotiating
253,Twitterbeat,Progressive logistical standardization,Chris,580655.41,2017-02-21,Negotiating
254,Skimia,Networked actuating interface,Bob,480794.79,2016-09-30,Prospecting
255,Skalith,Ameliorated background capacity,Olivier,932824.89,2016-08-24,ClosedWon
256,Devcast,Inverse incremental throughput,Chris,884394.62,2016-07-14,ClosedWon
257,Linktype,Reverse-engineered bifurcated product,Bob,652633.91,2017-02-06,Prospecting
258,Mycat,Reactive optimizing software,Chris,892175.00,2017-01-07,Prospecting
259,Dabshots,Multi-channelled exuding hub,Chris,372108.33,2017-03-09,ClosedLost
260,Topicware,Object-based uniform analyzer,Chris,673778.79,2017-03-12,Negotiating
261,Twitterbeat,Progressive optimizing definition,Bill,78287.75,2016-10-15,ClosedWon
262,Dabfeed,Persistent non-volatile workforce,Maria,578788.03,2016-12-15,Developing
263,Agivu,Digitized full-range support,Olivier,60054.20,2016-07-08,Prospecting
264,Dabtype,Intuitive zero administration policy,Maria,276906.67,2017-01-12,Negotiating
265,Kanoodle,Phased interactive workforce,Olivier,69716.60,2017-01-15,Prospecting
266,Linkbridge,Automated 4th generation instruction set,Chris,539977.45,2016-10-07,ClosedWon
267,Geba,Front-line composite groupware,Maria,980471.98,2016-11-13,Negotiating
268,Feedspan,Expanded explicit flexibility,Chris,68714.49,2016-07-11,ClosedLost
269,Quamba,Pre-emptive tangible application,Bob,69958.99,2017-02-23,Prospecting
270,Tagchat,Operative 24/7 website,Maria,822772.28,2016-09-18,Developing
271,Browsecat,Progressive explicit parallelism,Bob,31228.87,2017-03-03,ClosedWon
272,Thoughtworks,Customer-focused even-keeled intranet,Maria,322424.25,2017-01-19,Negotiating
273,Blogspan,Visionary encompassing forecast,Maria,70311.08,2016-12-17,ClosedWon
274,Zoomzone,Programmable optimal concept,Maria,664692.65,2016-12-07,Prospecting
275,Eazzy,Cross-group multi-state instruction set,Chris,665304.42,2016-10-14,Developing
276,Midel,Secured leading edge synergy,Bob,750392.20,2017-03-06,Negotiating
277,Demivee,Cross-platform asynchronous leverage,Olivier,242912.07,2016-11-25,Developing
278,Quaxo,Monitored intermediate portal,Maria,828914.62,2017-03-07,ClosedWon
279,Skynoodle,Public-key regional system engine,Olivier,379743.73,2016-10-15,Negotiating
280,Twitterlist,Versatile solution-oriented structure,Bob,81257.86,2016-10-07,ClosedLost
281,Roombo,Implemented neutral parallelism,Olivier,710167.75,2016-10-23,Negotiating
282,Topicstorm,Automated dedicated circuit,Olivier,441420.81,2016-12-29,Developing
283,Twimbo,Optimized demand-driven utilisation,Chris,728819.80,2016-12-23,Negotiating
284,Geba,Adaptive content-based groupware,Maria,218914.25,2016-07-27,Negotiating
285,Realmix,Configurable systematic alliance,Bill,865748.12,2016-11-06,Developing
286,Feedspan,Optimized client-server frame,Maria,802811.39,2016-10-16,Negotiating
287,Riffwire,Multi-channelled modular success,Chris,726696.81,2017-02-24,Negotiating
288,Yakitri,Upgradable disintermediate solution,Chris,997186.13,2017-01-28,Negotiating
289,Topiclounge,Progressive bottom-line toolset,Olivier,205690.29,2016-11-27,ClosedWon
290,Oyonder,Inverse executive budgetary management,Chris,449158.78,2017-03-14,Developing
291,Buzzster,Exclusive radical contingency,Chris,403804.78,2017-01-10,Prospecting
292,Dabfeed,Cloned dynamic capacity,Bill,30843.87,2016-09-17,ClosedWon
293,Dabvine,Assimilated 24/7 artificial intelligence,Bill,942198.19,2017-02-27,ClosedLost
294,Youfeed,Extended static strategy,Bill,747759.52,2016-12-27,ClosedWon
295,Yotz,Upgradable multi-tasking instruction set,Bill,356286.75,2016-09-14,Developing
296,Oyondu,Realigned interactive migration,Maria,487437.36,2016-10-21,Prospecting
297,JumpXS,Focused cohesive open architecture,Chris,286189.83,2016-09-14,Prospecting
298,Jabberstorm,Advanced 4th generation utilisation,Maria,905607.42,2016-09-03,ClosedWon
299,Jaxworks,Front-line well-modulated productivity,Olivier,500670.12,2017-02-06,ClosedWon
300,Gigashots,Streamlined attitude-oriented contingency,Olivier,521124.41,2016-08-22,Developing
301,Vimbo,Re-engineered object-oriented data-warehouse,Bob,899391.70,2016-08-21,ClosedWon
302,Oyoyo,Devolved optimizing functionalities,Bill,677858.28,2016-11-15,ClosedWon
303,Youspan,Programmable non-volatile capacity,Bill,610033.50,2016-12-10,Developing
304,Thoughtstorm,Focused content-based matrix,Olivier,493073.95,2016-12-23,Negotiating
305,Linklinks,Innovative well-modulated strategy,Olivier,144745.38,2016-07-01,Prospecting
306,Meemm,Operative holistic policy,Bill,587429.50,2016-10-23,Developing
307,Oloo,Adaptive 24 hour implementation,Chris,215073.29,2016-08-11,ClosedWon
308,Twitterbeat,Adaptive fault-tolerant hub,Maria,15819.22,2016-11-21,Prospecting
309,Eimbee,Re-engineered systematic attitude,Bill,225635.77,2017-01-30,Developing
310,Zoombox,Quality-focused multi-state secured line,Bill,908094.39,2016-07-10,ClosedLost
311,Browsetype,Horizontal client-server initiative,Chris,753670.77,2016-12-10,Negotiating
312,Jabberbean,Multi-lateral bottom-line toolset,Bob,366934.79,2017-01-13,Prospecting
313,Lazzy,Managed neutral structure,Bill,491608.20,2016-12-17,Negotiating
314,Feedspan,Fundamental composite matrix,Bob,304084.37,2017-03-20,ClosedWon
315,Shuffletag,Polarised clear-thinking solution,Bill,79265.79,2017-02-14,Prospecting
316,Cogibox,Re-engineered 6th generation solution,Bob,513270.81,2016-08-06,Prospecting
317,Youspan,User-centric bi-directional adapter,Maria,374511.06,2017-01-18,Prospecting
318,Twitternation,Adaptive impactful website,Chris,229050.31,2016-12-09,ClosedWon
319,Photolist,Synchronised dynamic architecture,Maria,186222.17,2016-08-10,ClosedLost
320,Lazz,Organic homogeneous strategy,Chris,982020.57,2016-08-25,ClosedLost
321,Vidoo,Face to face 24/7 array,Bob,577978.20,2017-02-11,Negotiating
322,Ainyx,Virtual attitude-oriented model,Maria,692026.24,2016-12-13,ClosedWon
323,Mydeo,Exclusive heuristic challenge,Maria,330263.09,2016-11-15,ClosedWon
324,Youfeed,Multi-layered incremental toolset,Bill,580632.05,2016-07-27,Developing
325,Photobug,Re-engineered next generation help-desk,Maria,955933.48,2016-11-15,Negotiating
326,Plambee,Enterprise-wide full-range contingency,Chris,759481.40,2016-12-16,ClosedWon
327,Jazzy,Implemented optimizing matrix,Bob,640491.49,2017-01-08,Prospecting
328,Dabtype,Innovative analyzing definition,Maria,492789.73,2016-12-09,Negotiating
329,Devify,Extended neutral contingency,Chris,151731.72,2016-07-10,ClosedLost
330,Pixonyx,Team-oriented discrete throughput,Chris,167263.29,2017-02-19,Developing
331,Dabtype,Persevering foreground instruction set,Maria,885205.20,2017-03-02,ClosedWon
332,Mydo,Phased object-oriented middleware,Chris,287634.01,2016-12-09,Negotiating
333,Jabberstorm,Focused upward-trending ability,Maria,699807.22,2017-02-12,Developing
334,Edgeblab,Programmable regional benchmark,Olivier,37144.57,2016-12-02,Developing
335,Tagtune,Expanded executive array,Olivier,298128.77,2016-12-06,Developing
336,Jayo,Re-contextualized client-server access,Olivier,527257.92,2016-08-06,Negotiating
337,Blogpad,Reactive next generation intranet,Bob,16913.49,2016-11-10,ClosedLost
338,Leexo,Synergized bottom-line analyzer,Maria,140632.55,2017-01-31,ClosedLost
339,Photofeed,Multi-tiered maximized initiative,Chris,2213.40,2016-07-17,Negotiating
340,Eayo,Persistent scalable software,Bob,386415.29,2017-02-18,ClosedWon
341,Jaxworks,Proactive attitude-oriented process improvement,Maria,704395.87,2016-08-23,Negotiating
342,Realcube,Total high-level standardization,Olivier,862856.58,2017-02-03,ClosedWon
343,Gabtype,User-centric scalable encryption,Bob,336453.75,2016-07-01,Developing
344,Riffpedia,Up-sized analyzing hardware,Chris,865402.70,2016-11-10,Negotiating
345,Jabbercube,Persistent composite customer loyalty,Chris,712679.31,2016-10-08,Prospecting
346,Mybuzz,Secured hybrid capacity,Bill,553700.73,2017-01-23,Prospecting
347,Photobug,Inverse national hardware,Olivier,899388.20,2016-07-07,ClosedWon
348,Skipstorm,Balanced content-based leverage,Maria,814277.05,2016-09-23,ClosedWon
349,Gabspot,Open-architected next generation toolset,Chris,353421.39,2016-08-13,ClosedWon
350,Realmix,Universal non-volatile solution,Bill,339214.45,2017-01-13,Developing
351,Roombo,Sharable transitional time-frame,Chris,431212.12,2016-10-12,Prospecting
352,Meevee,Sharable asymmetric emulation,Maria,607660.25,2016-12-11,ClosedWon
353,Linkbridge,Enterprise-wide next generation website,Olivier,754829.72,2016-11-14,ClosedWon
354,Trilith,User-friendly attitude-oriented open architecture,Chris,139009.38,2016-12-28,Prospecting
355,Meembee,Face to face bifurcated groupware,Bob,526391.74,2016-09-11,Negotiating
356,Skaboo,Triple-buffered high-level model,Olivier,745301.10,2016-07-16,ClosedLost
357,Latz,Total full-range knowledge user,Olivier,402980.57,2016-09-03,Prospecting
358,Oyoba,Advanced 24 hour conglomeration,Olivier,968372.99,2016-11-21,ClosedWon
359,Rhycero,Balanced 6th generation system engine,Olivier,155716.72,2017-02-16,Negotiating
360,Voonder,Self-enabling impactful access,Chris,695063.14,2016-11-14,Developing
361,Rhyloo,Total foreground pricing structure,Chris,101833.48,2017-03-04,Developing
362,Rooxo,Synergized reciprocal knowledge base,Maria,629837.08,2017-01-05,ClosedWon
363,Teklist,Quality-focused dedicated function,Bill,502510.13,2017-02-12,ClosedLost
364,Bubblebox,Cross-group maximized parallelism,Bill,356963.20,2016-09-01,Developing
365,Cogibox,Public-key tangible encoding,Bob,124143.96,2016-08-26,ClosedWon
366,Kwideo,Profound fault-tolerant website,Bill,346994.57,2016-07-07,Negotiating
367,Blogspan,Innovative motivating task-force,Bob,166941.60,2016-11-15,ClosedWon
368,Miboo,Organic bi-directional definition,Olivier,787140.53,2017-01-15,ClosedWon
369,Izio,Inverse transitional paradigm,Bill,667904.88,2016-08-13,ClosedWon
370,Katz,Customizable 4th generation toolset,Chris,350065.49,2017-03-06,Negotiating
371,Quinu,Seamless bandwidth-monitored matrix,Maria,558057.91,2016-10-11,Negotiating
372,Realfire,Progressive didactic monitoring,Olivier,953938.84,2016-11-21,ClosedWon
373,Plambee,Digitized 5th generation data-warehouse,Olivier,471347.48,2016-10-03,ClosedLost
374,Voonder,Seamless interactive capability,Chris,615207.56,2016-08-30,ClosedWon
375,Eadel,Networked human-resource challenge,Bob,570728.26,2017-02-28,ClosedWon
376,Lazzy,Advanced disintermediate circuit,Maria,407764.29,2016-08-13,ClosedLost
377,Dabvine,Triple-buffered secondary algorithm,Bob,459123.69,2016-08-05,Prospecting
378,Blognation,Phased dynamic throughput,Chris,506496.17,2016-08-16,ClosedWon
379,Quire,Organic needs-based matrix,Chris,370137.14,2017-02-26,Negotiating
380,Divavu,User-friendly 24/7 artificial intelligence,Maria,860965.52,2017-01-10,Developing
381,Meemm,Networked grid-enabled artificial intelligence,Bob,648507.39,2016-09-02,Prospecting
382,Yakitri,Diverse systemic open system,Maria,900791.91,2016-09-25,Negotiating
383,LiveZ,Visionary responsive strategy,Olivier,842770.88,2016-09-22,ClosedWon
384,Gabtune,Distributed bifurcated throughput,Chris,946908.02,2016-12-19,Prospecting
385,Cogibox,De-engineered analyzing workforce,Olivier,127374.55,2017-02-22,Prospecting
386,Shufflebeat,Cross-group uniform alliance,Maria,369632.82,2017-02-13,ClosedWon
387,Centidel,Upgradable contextually-based monitoring,Maria,931279.26,2017-03-23,Developing
388,Yabox,Intuitive multi-state complexity,Maria,890227.12,2016-10-24,Negotiating
389,Meevee,Pre-emptive fresh-thinking interface,Bob,672454.71,2016-12-07,ClosedWon
390,Blognation,Centralized radical customer loyalty,Olivier,768546.75,2016-10-05,Negotiating
391,Rooxo,Cross-platform empowering parallelism,Bill,872516.00,2016-10-19,ClosedLost
392,Meeveo,Diverse actuating service-desk,Olivier,140604.39,2016-10-18,Developing
393,Edgetag,Sharable hybrid infrastructure,Chris,332619.13,2017-02-24,Negotiating
394,Jayo,Organized mobile open architecture,Maria,116090.78,2017-02-05,Negotiating
395,Skibox,Inverse actuating extranet,Bill,951160.19,2017-01-03,ClosedLost
396,Snaptags,Seamless background matrices,Bob,531991.63,2016-08-02,ClosedWon
397,Mynte,Digitized client-driven intranet,Chris,253780.50,2017-02-22,ClosedLost
398,Minyx,Programmable coherent product,Bill,830787.64,2016-08-11,Developing
399,Vinte,Digitized 24/7 algorithm,Olivier,765948.39,2016-09-03,ClosedWon
400,Centidel,Networked directional array,Bob,396967.50,2016-09-12,ClosedWon
401,Zoomcast,Implemented solution-oriented open system,Chris,634822.74,2016-12-22,Developing
402,Kare,Expanded demand-driven middleware,Maria,6915.79,2017-02-10,Prospecting
403,Buzzdog,Expanded 3rd generation service-desk,Maria,55565.86,2017-03-15,Negotiating
404,Realbridge,Enhanced bandwidth-monitored superstructure,Chris,534731.45,2016-10-02,Developing
405,Kwinu,Visionary discrete complexity,Maria,666354.22,2016-09-26,Developing
406,Quire,Sharable fault-tolerant hub,Bob,447011.54,2016-07-21,ClosedWon
407,Yata,Optional foreground interface,Maria,397482.36,2016-07-19,ClosedWon
408,Realpoint,Realigned zero administration middleware,Olivier,276849.21,2017-02-25,ClosedLost
409,Youfeed,Organized directional info-mediaries,Bob,497881.19,2017-03-11,Developing
410,Skidoo,Multi-layered homogeneous middleware,Chris,587958.66,2016-10-30,ClosedWon
411,Jetwire,Open-source clear-thinking contingency,Maria,825790.21,2017-02-04,Developing
412,Blogpad,Distributed local forecast,Maria,580488.98,2016-07-13,ClosedWon
413,Aibox,Universal real-time monitoring,Bill,948772.36,2016-09-22,ClosedWon
414,Tazz,Persistent radical contingency,Bob,606492.78,2016-07-21,ClosedLost
415,Edgepulse,Networked clear-thinking neural-net,Maria,150550.82,2016-11-24,ClosedLost
416,Agivu,Synergized bottom-line support,Maria,425356.72,2016-10-16,Prospecting
417,Mydeo,Profound tangible concept,Olivier,699620.07,2016-09-25,ClosedLost
418,Centimia,Adaptive dynamic migration,Bob,901191.75,2017-01-30,Developing
419,Youfeed,Universal mission-critical support,Bob,801933.92,2016-10-28,ClosedWon
420,Pixope,Re-engineered homogeneous hub,Bill,653995.86,2016-09-24,Negotiating
421,Babbleset,Upgradable disintermediate capability,Olivier,998611.46,2016-12-30,ClosedLost
422,Skimia,Progressive static definition,Bob,501003.04,2017-03-21,ClosedWon
423,Skalith,Innovative scalable framework,Chris,661047.90,2016-12-03,Prospecting
424,Skinte,Customizable bandwidth-monitored success,Olivier,154609.96,2016-08-17,Negotiating
425,Flashspan,Pre-emptive radical adapter,Bob,100101.21,2016-09-28,Prospecting
426,Zoombeat,Object-based incremental array,Bob,332832.57,2017-01-24,Prospecting
427,Mymm,Object-based maximized synergy,Bill,474239.79,2016-07-09,Negotiating
428,Tekfly,Enhanced stable open system,Bob,931626.06,2016-08-15,ClosedWon
429,Trilia,Pre-emptive motivating utilisation,Olivier,222090.11,2017-02-01,Negotiating
430,Realcube,Persevering holistic internet solution,Bill,194369.53,2016-10-14,Negotiating
431,Meeveo,Inverse client-server archive,Chris,443692.39,2016-11-01,ClosedWon
432,Topicshots,Sharable leading edge support,Olivier,951146.12,2016-10-21,Negotiating
433,Dabjam,Ergonomic bandwidth-monitored capability,Bill,619808.29,2016-10-20,Developing
434,Quimba,Integrated systematic initiative,Chris,522969.45,2016-08-15,ClosedLost
435,Eayo,De-engineered grid-enabled infrastructure,Chris,962684.59,2016-10-30,ClosedLost
436,Oloo,Enhanced zero administration internet solution,Bill,561805.80,2016-07-25,Negotiating
437,Twimbo,Quality-focused motivating strategy,Chris,589992.51,2016-10-08,Prospecting
438,Jaxbean,De-engineered homogeneous artificial intelligence,Bill,92111.47,2017-03-29,Prospecting
439,Katz,Focused maximized approach,Maria,589041.06,2017-01-06,ClosedWon
440,Chatterpoint,Function-based asymmetric internet solution,Maria,549449.82,2016-07-25,ClosedWon
441,Midel,Persistent multi-state contingency,Chris,9818.89,2016-09-12,Negotiating
442,Eidel,Horizontal national forecast,Maria,790833.54,2016-12-12,Negotiating
443,Trilia,Function-based high-level process improvement,Bill,885270.81,2016-12-10,Developing
444,Eimbee,Robust interactive attitude,Chris,291285.27,2017-01-12,ClosedWon
445,Snaptags,Cross-platform systemic parallelism,Maria,310095.19,2017-01-16,ClosedLost
446,Twiyo,Devolved uniform capability,Olivier,818399.65,2016-08-04,Developing
447,Vinder,Open-architected demand-driven system engine,Olivier,831226.77,2017-02-25,Negotiating
448,Eayo,Advanced tertiary hardware,Chris,180537.54,2016-11-17,Prospecting
449,Avamba,Multi-lateral contextually-based approach,Maria,435168.53,2016-08-06,ClosedWon
450,Twitternation,Down-sized stable structure,Chris,878026.37,2016-08-14,ClosedLost
451,Twinte,Face to face zero administration website,Chris,36301.05,2016-11-27,Negotiating
452,Zooxo,Adaptive tertiary productivity,Bob,776290.67,2017-02-12,Negotiating
453,Photobean,Reduced secondary parallelism,Maria,847146.74,2016-09-23,ClosedLost
454,Voomm,Pre-emptive heuristic capacity,Bob,411920.51,2016-09-23,Developing
455,Kazu,Centralized asynchronous support,Olivier,318359.94,2016-08-30,Negotiating
456,Abata,Cloned composite service-desk,Bill,161086.82,2016-10-14,Prospecting
457,Dynazzy,Organized asymmetric orchestration,Bob,885101.53,2016-12-24,Prospecting
458,Fivespan,Ergonomic contextually-based intranet,Bob,224823.06,2016-09-11,Prospecting
459,Voonix,Open-source upward-trending monitoring,Bob,747937.76,2017-03-05,ClosedLost
460,Trilia,Expanded motivating knowledge base,Olivier,839615.73,2017-01-16,Prospecting
461,Cogidoo,Synergized asynchronous intranet,Olivier,360466.01,2016-08-04,Prospecting
462,Lazzy,Synergized leading edge policy,Chris,998864.47,2016-11-19,Negotiating
463,Topiclounge,Optional upward-trending core,Maria,57043.56,2016-07-25,ClosedWon
464,Gabvine,Intuitive 24/7 Graphical User Interface,Olivier,733596.01,2016-09-01,ClosedWon
465,Gabcube,Pre-emptive zero defect model,Olivier,717859.79,2016-12-23,Developing
466,Vidoo,Focused analyzing intranet,Bill,709002.65,2016-09-12,ClosedLost
467,Voomm,Multi-lateral non-volatile database,Olivier,239556.12,2016-12-30,Developing
468,Kamba,Face to face zero defect projection,Olivier,456413.69,2017-02-12,ClosedLost
469,Buzzbean,Decentralized next generation core,Chris,946992.57,2016-10-22,ClosedLost
470,Yotz,Configurable disintermediate pricing structure,Bob,541282.70,2016-11-29,Negotiating
471,Tagtune,Seamless optimal array,Bill,816531.53,2017-03-18,ClosedWon
472,Browseblab,Open-source grid-enabled groupware,Bill,522916.81,2016-07-14,ClosedWon
473,Brightbean,Integrated didactic firmware,Maria,727149.05,2016-11-18,Developing
474,Meevee,Compatible actuating Graphical User Interface,Olivier,986476.49,2016-11-27,Prospecting
475,Voolia,Distributed upward-trending installation,Bill,221214.83,2016-11-30,Prospecting
476,Katz,Profit-focused bi-directional product,Chris,386989.36,2016-09-24,Prospecting
477,Skidoo,Business-focused composite conglomeration,Bill,111457.92,2016-07-20,Prospecting
478,Skiptube,Total intangible data-warehouse,Chris,845769.56,2017-03-24,Negotiating
479,Realfire,Right-sized 5th generation forecast,Olivier,96455.67,2017-01-18,Negotiating
480,Photolist,Profit-focused eco-centric emulation,Bill,97225.67,2016-12-03,Negotiating
481,Trilith,Optimized intermediate monitoring,Maria,111724.39,2016-10-30,Prospecting
482,Dynabox,Programmable clear-thinking success,Bill,500029.12,2016-11-06,Prospecting
483,Browsebug,Cross-platform bi-directional orchestration,Maria,841433.73,2016-12-31,Prospecting
484,Voolith,Realigned dedicated product,Maria,524861.93,2017-03-02,Developing
485,Yakitri,Re-contextualized impactful interface,Olivier,528222.23,2016-10-27,Negotiating
486,Youfeed,Assimilated upward-trending collaboration,Bob,517183.21,2016-10-30,ClosedWon
487,Avamm,Visionary motivating monitoring,Chris,270730.12,2016-09-13,ClosedLost
488,InnoZ,Synergistic discrete focus group,Chris,617964.20,2016-08-10,Prospecting
489,Zava,Ameliorated interactive local area network,Olivier,164390.17,2016-11-14,Negotiating
490,Mynte,Object-based high-level implementation,Bob,338631.34,2016-07-20,Prospecting
491,Flashset,Advanced neutral data-warehouse,Olivier,414546.49,2017-02-02,Negotiating
492,Topdrive,User-friendly needs-based forecast,Bob,890671.01,2016-09-24,ClosedLost
493,Skyndu,Synergized responsive productivity,Bob,770165.12,2017-03-24,ClosedWon
494,Mynte,Front-line 24 hour policy,Bill,688888.25,2016-07-30,ClosedLost
495,Gabvine,Fully-configurable human-resource system engine,Maria,631969.70,2017-01-27,ClosedWon
496,Flipopia,Multi-channelled national implementation,Chris,672563.74,2016-12-09,Developing
497,LiveZ,Customizable 24/7 strategy,Chris,160743.73,2017-01-11,Prospecting
498,Fivespan,Vision-oriented attitude-oriented strategy,Bob,432695.27,2017-03-10,Negotiating
499,Meedoo,Function-based optimal access,Olivier,500600.98,2016-10-14,Prospecting
500,Realmix,Ameliorated homogeneous application,Chris,36259.87,2016-11-14,Negotiating
501,Thoughtstorm,Open-architected didactic framework,Maria,803679.40,2017-03-02,ClosedWon
502,Wikibox,Adaptive incremental parallelism,Chris,89053.66,2016-11-09,Prospecting
503,Tambee,Automated non-volatile Graphic Interface,Bob,469274.37,2016-08-25,Developing
504,Kayveo,Universal zero tolerance portal,Maria,620206.39,2016-09-28,Prospecting
505,Centidel,Configurable fresh-thinking neural-net,Bob,677983.45,2017-02-16,ClosedLost
506,Voonix,Programmable asynchronous methodology,Bill,755417.21,2016-08-03,Developing
507,Divavu,Polarised background interface,Bob,560932.46,2016-07-14,Negotiating
508,Dabtype,Pre-emptive motivating extranet,Bill,394161.96,2016-10-15,ClosedWon
509,Digitube,Fully-configurable empowering capacity,Bill,311411.45,2016-08-02,ClosedLost
510,Photojam,User-centric attitude-oriented application,Olivier,890382.19,2016-07-14,Negotiating
511,Yotz,Intuitive real-time function,Olivier,750067.67,2017-02-17,Prospecting
512,Voonix,Innovative secondary capacity,Bill,327927.55,2016-07-14,ClosedLost
513,Skalith,User-friendly upward-trending application,Bob,270994.91,2016-09-25,Negotiating
514,Tagfeed,Multi-tiered modular encryption,Bill,936893.06,2017-03-25,Developing
515,Innotype,Face to face well-modulated benchmark,Maria,924933.40,2016-09-13,Prospecting
516,Realbridge,Synergized web-enabled groupware,Olivier,249923.28,2017-03-29,Negotiating
517,Twimm,Profit-focused didactic middleware,Bill,621834.06,2016-07-03,Negotiating
518,Wikivu,Synergistic asymmetric portal,Maria,121344.47,2017-01-25,ClosedLost
519,Eare,Focused heuristic Graphical User Interface,Bob,519474.54,2016-08-27,Prospecting
520,Jaxspan,Managed asymmetric projection,Maria,795293.33,2016-10-26,Prospecting
521,Einti,Managed even-keeled standardization,Bill,57574.36,2016-07-07,ClosedWon
522,Topiczoom,Ameliorated cohesive hub,Chris,507110.41,2017-03-28,ClosedLost
523,Shuffletag,Realigned mission-critical portal,Bill,674577.40,2016-07-12,Prospecting
524,Skimia,Stand-alone client-server local area network,Chris,961513.59,2016-10-01,ClosedWon
525,Cogidoo,Reduced fresh-thinking encryption,Chris,147667.00,2017-02-17,Negotiating
526,Brainlounge,Fully-configurable responsive parallelism,Olivier,196593.33,2016-10-21,ClosedLost
527,Skinix,Compatible real-time process improvement,Chris,449709.65,2016-07-27,Developing
528,Oyonder,Object-based 3rd generation frame,Maria,288468.36,2016-09-14,Developing
529,Dazzlesphere,Multi-tiered explicit leverage,Bill,509176.26,2016-10-06,Negotiating
530,Nlounge,Adaptive object-oriented core,Bob,733447.34,2017-03-29,Developing
531,Feedmix,Assimilated 4th generation frame,Bill,526102.77,2017-02-16,Developing
532,Kamba,Exclusive full-range migration,Bill,441950.32,2017-02-01,ClosedLost
533,Fadeo,Synergized even-keeled algorithm,Olivier,708328.60,2016-10-13,ClosedLost
534,Thoughtstorm,Function-based disintermediate success,Chris,521555.33,2017-02-17,Prospecting
535,Yabox,Reactive eco-centric benchmark,Maria,471173.93,2016-08-15,ClosedWon
536,Yoveo,Pre-emptive eco-centric open architecture,Chris,58797.25,2016-07-01,Developing
537,Agivu,Sharable 3rd generation installation,Chris,49567.37,2016-11-11,Developing
538,Aimbo,Multi-tiered value-added knowledge base,Olivier,550561.15,2017-01-14,Negotiating
539,Ailane,Business-focused content-based core,Chris,504376.44,2016-07-01,ClosedWon
540,Dabvine,Balanced bandwidth-monitored secured line,Maria,218451.65,2017-01-06,Negotiating
541,Brainverse,Universal bottom-line interface,Bob,594459.67,2017-02-19,Prospecting
542,Tazzy,Reduced actuating capacity,Chris,706893.05,2017-01-28,Prospecting
543,Edgeify,Configurable scalable superstructure,Bob,487378.90,2016-11-10,Prospecting
544,Npath,Synergized secondary architecture,Chris,255708.49,2016-10-10,ClosedWon
545,Izio,Function-based homogeneous access,Olivier,918770.61,2016-07-08,Negotiating
546,Zooxo,Devolved stable neural-net,Maria,226888.07,2017-03-13,Developing
547,Voomm,Enterprise-wide explicit instruction set,Maria,586913.76,2016-09-19,Prospecting
548,Eabox,Intuitive tertiary implementation,Olivier,328218.35,2016-12-01,Prospecting
549,Twitterworks,Right-sized 5th generation support,Maria,958367.19,2016-12-04,ClosedWon
550,Ntags,Realigned multi-tasking pricing structure,Maria,826087.28,2016-07-23,ClosedLost
551,Yodo,Networked radical local area network,Maria,622854.60,2016-11-30,Prospecting
552,Trupe,Fundamental intermediate model,Maria,748727.51,2016-11-06,ClosedWon
553,Plajo,Versatile impactful task-force,Maria,174520.05,2016-08-31,Prospecting
554,Jatri,Robust executive application,Chris,967378.10,2016-11-26,ClosedWon
555,Izio,Business-focused intangible database,Bill,830659.32,2016-11-03,Developing
556,Wikizz,User-friendly zero administration paradigm,Bob,401609.70,2016-09-11,Negotiating
557,Trupe,Horizontal zero defect definition,Chris,951581.60,2017-01-06,Prospecting
558,Podcat,Multi-lateral local implementation,Bill,665344.43,2017-03-23,Prospecting
559,Kazu,Polarised zero tolerance Graphical User Interface,Maria,729377.57,2017-03-11,ClosedWon
560,Meembee,Team-oriented radical product,Chris,508849.62,2017-01-31,ClosedLost
561,Buzzdog,Reduced intangible standardization,Bob,488299.16,2016-08-25,Developing
562,Centimia,Mandatory 4th generation moratorium,Maria,383876.22,2016-12-11,ClosedWon
563,Rooxo,Versatile well-modulated approach,Olivier,659940.58,2016-08-01,Developing
564,Realbuzz,Adaptive multi-state database,Bob,87163.04,2016-07-15,ClosedLost
565,Photobug,Face to face object-oriented structure,Olivier,981415.81,2016-08-13,ClosedLost
566,Zoozzy,Secured hybrid secured line,Bob,910643.99,2017-01-24,Developing
567,Edgewire,Front-line cohesive middleware,Maria,860834.75,2017-02-13,ClosedLost
568,Voolith,Universal attitude-oriented Graphic Interface,Bill,36540.79,2016-09-13,Prospecting
569,Yodo,Optimized explicit model,Chris,934074.71,2016-07-03,Negotiating
570,Oodoo,Team-oriented 3rd generation support,Bill,917166.46,2017-02-26,ClosedWon
571,Skinder,Synergistic optimizing matrix,Bob,154061.65,2016-10-18,Negotiating
572,Camido,Realigned bi-directional success,Bill,647629.15,2017-01-06,Prospecting
573,Tagcat,Sharable interactive challenge,Olivier,535132.81,2016-09-22,Developing
574,Cogibox,Down-sized clear-thinking internet solution,Bill,56372.41,2016-09-04,ClosedWon
575,Jabberbean,Cross-group interactive capacity,Chris,652499.07,2016-09-04,ClosedLost
576,Leenti,Horizontal zero defect access,Olivier,790560.48,2016-08-22,ClosedLost
577,Dynabox,Open-architected encompassing circuit,Olivier,515466.87,2016-07-12,ClosedWon
578,Riffpath,Enterprise-wide encompassing archive,Chris,959965.66,2016-09-26,ClosedWon
579,Jetwire,Devolved methodical matrices,Chris,605938.86,2016-08-30,ClosedWon
580,Skimia,Reduced intangible firmware,Bill,332415.48,2017-02-12,ClosedLost
581,Meembee,Proactive demand-driven matrices,Olivier,586038.08,2016-11-23,ClosedLost
582,Eimbee,Proactive dedicated internet solution,Chris,297594.18,2016-12-07,Prospecting
583,Divavu,Versatile homogeneous pricing structure,Bill,717578.07,2016-08-19,ClosedLost
584,Feedfire,Progressive encompassing monitoring,Chris,707946.94,2016-12-14,ClosedLost
585,Yodel,Down-sized executive complexity,Chris,98755.69,2017-01-17,Negotiating
586,Cogidoo,Adaptive systemic access,Maria,183889.10,2017-01-30,ClosedWon
587,Demizz,Mandatory zero defect productivity,Bob,735528.48,2016-12-22,Developing
588,Feedfire,De-engineered executive intranet,Bill,233830.63,2016-12-03,Negotiating
589,Tanoodle,Self-enabling multi-state interface,Maria,351527.37,2017-03-24,Developing
590,Feednation,Advanced tangible info-mediaries,Maria,22176.82,2016-07-19,Prospecting
591,Buzzdog,Cross-group client-server budgetary management,Maria,466120.60,2017-02-07,Negotiating
592,Ainyx,User-centric zero defect parallelism,Bill,241217.74,2017-03-16,ClosedWon
593,Youbridge,Mandatory optimal encoding,Bob,356613.36,2016-12-13,ClosedWon
594,Eidel,Customer-focused stable Graphical User Interface,Bob,453972.44,2016-09-18,ClosedLost
595,Topicware,Devolved executive archive,Bill,364053.76,2016-11-15,ClosedWon
596,Photolist,Versatile intermediate moratorium,Olivier,375136.39,2017-03-18,Prospecting
597,Omba,Enhanced multimedia hardware,Bob,286405.71,2016-12-08,Negotiating
598,Thoughtblab,Configurable full-range secured line,Maria,210790.64,2016-08-07,Negotiating
599,InnoZ,Upgradable static flexibility,Chris,910662.41,2016-07-11,Prospecting
600,Plajo,Visionary solution-oriented pricing structure,Olivier,669477.51,2017-02-09,Prospecting
601,Thoughtstorm,Future-proofed foreground architecture,Chris,361268.00,2016-12-03,Developing
602,Agimba,Expanded solution-oriented matrix,Maria,288974.84,2016-07-09,Developing
603,Wordware,Vision-oriented 6th generation protocol,Maria,782286.59,2016-10-10,Developing
604,Chatterbridge,User-centric client-driven info-mediaries,Bob,144140.34,2017-03-08,Prospecting
605,Mymm,Synergized bottom-line help-desk,Olivier,464525.55,2016-07-21,ClosedWon
606,Roombo,Automated dynamic moderator,Bob,303249.30,2016-09-03,ClosedWon
607,Rhycero,Exclusive stable functionalities,Bill,353926.44,2016-07-20,Negotiating
608,Dabvine,Expanded neutral core,Bob,481509.25,2016-08-14,ClosedLost
609,Realcube,Ameliorated full-range monitoring,Maria,664247.88,2017-03-22,ClosedWon
610,Edgewire,Balanced client-server hierarchy,Maria,508730.64,2017-02-27,Negotiating
611,Skimia,Devolved human-resource migration,Olivier,283981.29,2017-02-02,Prospecting
612,Zoombox,Triple-buffered hybrid protocol,Bill,589643.95,2016-11-06,Developing
613,Reallinks,Automated next generation superstructure,Bill,672047.92,2016-09-10,Prospecting
614,Yozio,Cloned stable superstructure,Olivier,145631.83,2017-03-22,Negotiating
615,Skyndu,Operative client-driven parallelism,Maria,465974.16,2017-01-23,Negotiating
616,Kamba,Realigned motivating capacity,Chris,627741.05,2016-07-26,ClosedLost
617,Feedmix,Enterprise-wide intermediate core,Bill,157224.30,2016-10-21,ClosedLost
618,Skidoo,Profound cohesive access,Maria,166779.34,2016-11-23,Prospecting
619,Skaboo,Realigned homogeneous product,Chris,270273.08,2017-03-28,ClosedWon
620,Bubblebox,Robust didactic product,Olivier,537070.27,2016-12-29,ClosedLost
621,Cogidoo,Fundamental grid-enabled encryption,Olivier,888316.15,2016-09-17,Developing
622,Blogspan,Right-sized context-sensitive core,Bill,807917.37,2017-02-19,Developing
623,Thoughtstorm,Re-engineered executive complexity,Bob,648136.00,2016-07-01,Prospecting
624,Zoombox,Quality-focused radical functionalities,Bob,171920.29,2016-08-25,ClosedLost
625,Aimbu,User-centric uniform algorithm,Maria,633107.34,2017-02-22,Prospecting
626,Ooba,Stand-alone zero tolerance database,Bill,312730.14,2017-01-18,ClosedWon
627,Kwinu,Re-contextualized background methodology,Bill,508889.75,2017-03-06,ClosedLost
628,Devbug,Managed context-sensitive hardware,Bob,224881.67,2016-11-05,Prospecting
629,Quaxo,Right-sized user-facing matrices,Maria,550185.27,2017-03-30,Negotiating
630,Trupe,Cross-group upward-trending pricing structure,Bill,705955.67,2016-10-16,ClosedWon
631,Ooba,Up-sized incremental groupware,Maria,26599.84,2016-11-09,ClosedLost
632,Ooba,Down-sized well-modulated database,Bob,396634.28,2016-10-04,Negotiating
633,Jabbersphere,Stand-alone dedicated customer loyalty,Bill,828258.64,2016-08-10,Prospecting
634,Zoombeat,Front-line secondary open system,Bill,356111.83,2016-10-21,ClosedWon
635,Divavu,Future-proofed coherent moratorium,Maria,788447.25,2016-07-01,Prospecting
636,Babbleset,Right-sized bottom-line customer loyalty,Olivier,908336.58,2016-09-06,Prospecting
637,Thoughtbridge,Mandatory scalable hardware,Chris,764433.41,2016-12-04,Developing
638,Yoveo,Networked optimizing middleware,Chris,981410.02,2016-07-17,ClosedLost
639,Eidel,Sharable real-time data-warehouse,Olivier,641189.59,2016-09-17,Negotiating
640,Tagopia,Organized maximized leverage,Chris,16834.11,2017-01-29,ClosedLost
641,Geba,Extended human-resource service-desk,Chris,821021.06,2017-03-19,Developing
642,Tazzy,Total heuristic analyzer,Bill,229038.91,2016-07-19,Developing
643,Oyonder,Persistent even-keeled leverage,Maria,42923.33,2016-09-23,Developing
644,DabZ,Synergized asynchronous complexity,Olivier,901984.43,2016-10-09,Developing
645,Livetube,Expanded exuding encryption,Chris,47764.98,2016-08-24,Negotiating
646,Photojam,Cross-group radical paradigm,Bob,473612.46,2016-10-25,ClosedLost
647,Brightbean,Managed analyzing database,Bob,79600.80,2016-09-25,Negotiating
648,Divape,Cloned homogeneous flexibility,Olivier,348923.52,2016-07-18,ClosedLost
649,Centidel,Implemented systematic capability,Maria,704458.31,2016-10-30,ClosedLost
650,Wikivu,Focused interactive adapter,Olivier,548252.77,2016-12-05,Negotiating
651,Youspan,Progressive zero administration function,Chris,327191.18,2017-02-19,ClosedLost
652,Tanoodle,Public-key motivating standardization,Olivier,99283.67,2016-09-04,Developing
653,Aimbo,Visionary value-added strategy,Olivier,382100.88,2017-03-06,Prospecting
654,Aibox,Grass-roots homogeneous adapter,Chris,396084.71,2016-10-24,Prospecting
655,Cogidoo,Re-contextualized encompassing adapter,Olivier,826530.71,2016-12-16,ClosedLost
656,Linkbuzz,Distributed secondary core,Chris,6938.98,2016-09-09,Negotiating
657,Voonix,Networked 6th generation architecture,Bill,591613.87,2017-02-01,Developing
658,Devpulse,Sharable intangible methodology,Olivier,834235.93,2016-10-05,ClosedWon
659,Devbug,Object-based global ability,Bill,772680.50,2016-07-25,ClosedLost
660,Camido,Customer-focused asynchronous productivity,Bob,174641.96,2016-10-12,Prospecting
661,Jazzy,Fundamental user-facing productivity,Chris,515983.71,2017-03-03,ClosedLost
662,Brightdog,Optimized intermediate artificial intelligence,Olivier,975218.09,2017-03-13,Negotiating
663,Muxo,Sharable multi-tasking alliance,Bob,515279.11,2016-10-25,Prospecting
664,Oyonder,Digitized analyzing open architecture,Chris,483846.39,2016-11-11,Prospecting
665,Podcat,Phased asymmetric hardware,Olivier,111150.92,2017-01-07,ClosedLost
666,Twitterlist,Re-contextualized content-based attitude,Maria,232300.92,2016-07-24,Prospecting
667,Blogtags,Sharable even-keeled portal,Olivier,142881.42,2016-12-26,ClosedLost
668,Zoovu,Object-based 4th generation moderator,Bill,77680.34,2016-11-28,Developing
669,Browsetype,Self-enabling contextually-based extranet,Bob,886657.81,2017-03-19,ClosedWon
670,Dynazzy,Phased background focus group,Bob,968464.00,2016-07-18,ClosedLost
671,Mybuzz,Ergonomic clear-thinking local area network,Chris,680045.53,2016-10-14,Negotiating
672,Jayo,Grass-roots local benchmark,Maria,944088.47,2016-11-17,ClosedWon
673,Flashset,Versatile didactic interface,Bill,414726.72,2016-07-25,Developing
674,Zooxo,Automated client-server model,Bob,530062.53,2016-09-09,Negotiating
675,Jaxworks,Re-contextualized value-added focus group,Olivier,85953.50,2016-08-03,ClosedLost
676,Flashspan,Open-architected 4th generation moratorium,Bob,692822.04,2017-02-05,Developing
677,Camido,Quality-focused global model,Bob,582461.47,2016-12-29,Negotiating
678,Dablist,Organic impactful superstructure,Chris,837972.82,2017-01-27,ClosedWon
679,Voonte,Ameliorated attitude-oriented help-desk,Chris,166906.87,2016-09-27,Prospecting
680,Skinix,Compatible grid-enabled model,Olivier,962585.57,2016-09-18,Developing
681,Cogidoo,Phased fault-tolerant encryption,Maria,411851.41,2016-09-26,Developing
682,Kwilith,Phased even-keeled capability,Olivier,3241.89,2017-03-08,Negotiating
683,Dynabox,Function-based tertiary matrix,Bill,944781.84,2016-08-31,ClosedLost
684,Mynte,Future-proofed 4th generation productivity,Chris,710609.42,2016-08-10,ClosedWon
685,Thoughtmix,Front-line motivating service-desk,Chris,175832.44,2016-11-02,ClosedWon
686,Kare,Exclusive 24 hour task-force,Olivier,488685.99,2016-08-21,ClosedLost
687,Brainbox,Managed empowering flexibility,Bob,399222.66,2016-09-21,Developing
688,Ailane,Versatile composite secured line,Bill,730365.05,2016-12-30,Negotiating
689,Browsedrive,Decentralized neutral superstructure,Chris,883187.41,2017-03-25,ClosedWon
690,Kazio,Organic composite toolset,Bill,998459.38,2016-12-12,Negotiating
691,Photojam,Seamless systemic budgetary management,Bill,7078.85,2017-03-18,Prospecting
692,Oyondu,Optimized client-server encryption,Maria,52106.17,2017-03-07,Prospecting
693,Zoomzone,Devolved web-enabled synergy,Olivier,767852.72,2016-08-08,Negotiating
694,Janyx,Compatible cohesive matrices,Bob,507979.28,2016-10-11,Negotiating
695,Edgeify,Networked upward-trending access,Bob,583719.97,2016-10-04,ClosedLost
696,Photobug,Focused zero administration parallelism,Olivier,556710.53,2017-02-05,Prospecting
697,Twitternation,Digitized intangible circuit,Bill,319791.23,2016-12-19,ClosedLost
698,Quimm,Programmable non-volatile hierarchy,Bob,631945.05,2016-08-12,Prospecting
699,Lazz,Integrated didactic Graphical User Interface,Bob,586648.47,2016-07-26,Negotiating
700,Skilith,Profound transitional intranet,Olivier,611634.49,2017-02-20,ClosedLost
701,Oodoo,Quality-focused intangible projection,Bill,680205.29,2016-12-20,ClosedWon
702,Avamba,Monitored methodical challenge,Bob,414271.64,2016-07-27,Negotiating
703,Vipe,Polarised directional instruction set,Olivier,674485.17,2016-10-24,Prospecting
704,Flashspan,Multi-channelled well-modulated focus group,Olivier,689273.95,2016-11-13,ClosedLost
705,Meetz,Switchable well-modulated standardization,Maria,109204.10,2016-07-14,Developing
706,Flashpoint,Assimilated motivating migration,Olivier,932003.52,2016-07-29,ClosedWon
707,Tazzy,Reduced clear-thinking portal,Chris,793414.50,2017-02-07,Developing
708,Twitterwire,Monitored static software,Maria,390836.85,2017-01-19,Developing
709,Muxo,Organized 5th generation open architecture,Bob,866250.56,2016-11-28,ClosedWon
710,Zoonoodle,Reduced composite array,Chris,430486.70,2016-11-19,ClosedLost
711,Babbleopia,Centralized optimizing process improvement,Bill,437636.47,2016-10-02,ClosedWon
712,Twiyo,Organic 24/7 algorithm,Chris,847509.74,2016-12-02,Prospecting
713,Babblestorm,Horizontal 5th generation hardware,Bill,67829.59,2017-01-13,ClosedLost
714,Pixope,Up-sized bi-directional secured line,Maria,909730.09,2016-07-22,ClosedWon
715,Flashdog,Switchable user-facing groupware,Chris,967386.86,2016-10-27,ClosedWon
716,Ailane,Intuitive 5th generation hub,Olivier,966513.60,2016-07-08,Developing
717,Quamba,Reactive didactic firmware,Maria,887548.26,2016-10-04,Negotiating
718,Photolist,Customizable zero administration process improvement,Olivier,419205.79,2016-10-13,ClosedLost
719,Plambee,Front-line optimizing migration,Chris,239237.10,2017-01-04,ClosedWon
720,Feedfish,Open-source needs-based website,Bill,485699.52,2016-08-25,ClosedLost
721,Blognation,Public-key discrete migration,Chris,347451.45,2016-12-02,Negotiating
722,Ainyx,Face to face leading edge artificial intelligence,Chris,774178.65,2016-07-14,Developing
723,Skinix,Persevering demand-driven firmware,Chris,872105.36,2016-07-25,ClosedLost
724,Fivespan,Enhanced solution-oriented open architecture,Bob,637139.02,2016-10-28,ClosedWon
725,Browsezoom,Right-sized object-oriented process improvement,Bob,840877.18,2016-10-26,ClosedLost
726,Wikizz,Expanded holistic policy,Bill,168260.08,2017-03-19,Negotiating
727,Jaxspan,Universal tangible collaboration,Bill,774337.58,2016-09-15,ClosedWon
728,Zoombox,Multi-lateral value-added process improvement,Bill,967084.01,2017-03-16,ClosedWon
729,BlogXS,Virtual coherent interface,Maria,617093.49,2017-03-08,Prospecting
730,Jaloo,Grass-roots directional throughput,Bill,104786.68,2016-08-25,ClosedWon
731,Mynte,Synchronised intangible encryption,Olivier,984664.69,2016-09-26,Negotiating
732,Zoombeat,Cloned clear-thinking synergy,Bill,259717.41,2017-01-21,Prospecting
733,Innotype,Pre-emptive maximized customer loyalty,Bill,106946.05,2016-11-14,Prospecting
734,Zoozzy,Customer-focused solution-oriented knowledge user,Bill,23193.68,2016-11-14,Negotiating
735,Blogtag,Decentralized coherent function,Bill,139168.57,2016-09-27,ClosedWon
736,Dabjam,Customer-focused interactive circuit,Chris,115668.30,2016-08-02,Developing
737,Mudo,Triple-buffered systemic protocol,Bob,145959.24,2016-07-11,Prospecting
738,Wordify,Total homogeneous access,Bill,478003.81,2016-08-25,Developing
739,Rooxo,Face to face holistic array,Maria,955120.10,2016-08-30,Negotiating
740,Avamm,Innovative asymmetric access,Maria,495234.60,2016-09-19,Prospecting
741,Cogilith,Digitized optimal portal,Bill,544293.38,2016-10-07,Negotiating
742,Wordware,Self-enabling reciprocal collaboration,Bill,646988.60,2016-11-09,ClosedWon
743,Twitterlist,Business-focused tangible initiative,Chris,944307.72,2017-03-09,Negotiating
744,Leenti,Digitized intangible workforce,Bob,91321.19,2016-10-28,ClosedWon
745,Brainsphere,Object-based methodical attitude,Chris,468191.14,2016-08-28,Negotiating
746,Tanoodle,Robust dynamic artificial intelligence,Maria,664889.69,2016-12-19,ClosedWon
747,Divape,Ergonomic actuating utilisation,Maria,18446.47,2016-09-25,Prospecting
748,Tagchat,Multi-layered hybrid hub,Bill,605494.82,2016-12-28,Developing
749,Voonder,Up-sized exuding initiative,Olivier,185530.24,2017-01-22,Prospecting
750,Voolia,Intuitive 5th generation solution,Olivier,683052.17,2016-11-21,ClosedLost
751,Flashpoint,Secured homogeneous process improvement,Maria,481393.29,2016-08-17,Developing
752,Quatz,Persistent fault-tolerant portal,Bill,589691.27,2016-07-30,ClosedLost
753,Twitterbridge,Profit-focused empowering forecast,Bill,787440.57,2016-10-21,ClosedWon
754,Trupe,Cloned attitude-oriented complexity,Bob,927064.95,2016-11-21,ClosedLost
755,Yata,Implemented interactive parallelism,Bob,537060.00,2016-08-12,Prospecting
756,Yadel,Re-engineered analyzing success,Maria,86927.62,2016-09-20,Prospecting
757,Meeveo,Advanced interactive success,Bill,249596.58,2016-11-30,Prospecting
758,Kwimbee,Pre-emptive leading edge complexity,Bob,89372.10,2016-11-05,Developing
759,Twimm,Vision-oriented real-time archive,Maria,392632.60,2016-09-04,Developing
760,Zazio,Enhanced bi-directional success,Chris,463585.05,2016-09-26,ClosedLost
761,Oyope,Polarised modular workforce,Olivier,835008.24,2017-01-12,ClosedWon
762,Babbleset,Compatible intermediate open architecture,Maria,955209.87,2016-07-27,Prospecting
763,Abata,Multi-channelled hybrid neural-net,Maria,350235.75,2016-12-18,Negotiating
764,Brightbean,Diverse empowering info-mediaries,Bill,372025.52,2017-02-19,Developing
765,Meemm,Up-sized incremental firmware,Chris,128712.54,2017-01-24,Negotiating
766,Yoveo,User-centric zero defect time-frame,Maria,899580.67,2017-01-07,ClosedLost
767,Ooba,Intuitive fresh-thinking complexity,Olivier,448676.75,2016-12-03,Developing
768,Bubblemix,Synergized foreground time-frame,Bob,187168.51,2016-09-18,Negotiating
769,Buzzshare,Customizable radical array,Chris,872543.63,2016-12-03,Prospecting
770,Eidel,Object-based fault-tolerant process improvement,Maria,921742.56,2016-11-18,Negotiating
771,Yodel,De-engineered client-server solution,Chris,314250.13,2016-08-13,ClosedLost
772,Kazu,Visionary systematic concept,Chris,160026.20,2016-08-12,ClosedWon
773,Cogibox,Persevering impactful moderator,Olivier,911101.56,2017-03-19,Developing
774,Youspan,Mandatory actuating collaboration,Bob,346796.11,2017-03-15,ClosedWon
775,Kamba,Synchronised content-based throughput,Maria,887321.30,2017-02-18,ClosedWon
776,BlogXS,Digitized optimal archive,Olivier,969197.34,2017-01-12,ClosedLost
777,Flipopia,Horizontal asymmetric open architecture,Bill,174667.36,2016-09-29,Prospecting
778,Kanoodle,Stand-alone leading edge hierarchy,Maria,699668.11,2016-08-06,ClosedWon
779,Zoombeat,Universal non-volatile instruction set,Olivier,752381.40,2016-08-21,Prospecting
780,Lajo,Expanded responsive local area network,Bob,180738.18,2016-09-15,ClosedLost
781,Riffpath,Adaptive client-driven software,Chris,298919.28,2016-12-16,Developing
782,Quatz,Balanced foreground Graphical User Interface,Bob,557338.78,2016-11-07,Developing
783,Babbleblab,Devolved upward-trending firmware,Olivier,539259.94,2016-08-31,Negotiating
784,Skibox,Distributed optimizing time-frame,Bob,101086.61,2016-11-22,Developing
785,Oyoba,Ergonomic multi-tasking groupware,Bill,733948.70,2016-12-29,Developing
786,Thoughtworks,Devolved web-enabled access,Bill,513389.07,2016-12-30,ClosedLost
787,Divavu,Synchronised high-level knowledge user,Olivier,460236.61,2016-07-01,Developing
788,Zooxo,Reactive bandwidth-monitored installation,Olivier,58950.18,2016-07-27,ClosedWon
789,Jaxnation,Ergonomic foreground capacity,Olivier,340507.68,2016-12-24,Developing
790,Layo,Virtual mission-critical software,Maria,88558.83,2016-12-01,ClosedWon
791,Kazio,Synergized foreground protocol,Maria,199640.28,2017-01-12,Prospecting
792,Wikibox,Enterprise-wide full-range architecture,Chris,44875.47,2017-03-14,Prospecting
793,Wordtune,Quality-focused well-modulated process improvement,Bob,819039.76,2017-03-05,Developing
794,Twitterbeat,Optimized homogeneous array,Maria,282556.97,2017-03-22,Negotiating
795,Fadeo,Seamless didactic application,Bill,597047.50,2016-09-20,Negotiating
796,Avamm,Monitored analyzing leverage,Maria,112493.65,2016-12-31,ClosedWon
797,Divape,Re-contextualized value-added frame,Maria,994441.28,2016-09-25,Prospecting
798,Gigashots,Triple-buffered 24/7 throughput,Bill,748924.80,2016-09-21,Developing
799,Wikibox,Visionary real-time hub,Chris,500870.92,2016-08-23,Developing
800,Yakidoo,User-friendly needs-based system engine,Bob,774549.20,2016-11-07,Developing
801,Ainyx,Digitized 6th generation architecture,Olivier,396909.24,2016-11-07,ClosedWon
802,Vipe,Reactive logistical open architecture,Olivier,759269.33,2016-12-05,Prospecting
803,Yombu,Virtual didactic project,Chris,175009.86,2017-01-24,ClosedLost
804,Teklist,Quality-focused dynamic functionalities,Maria,889116.30,2017-01-21,Negotiating
805,Divavu,Centralized well-modulated middleware,Bob,949949.01,2017-01-13,ClosedWon
806,Kazu,Multi-channelled global capacity,Chris,354874.17,2017-02-02,Prospecting
807,Linklinks,Extended contextually-based complexity,Bill,431915.85,2017-02-17,ClosedLost
808,Meemm,Extended radical moderator,Bill,449416.06,2016-12-01,Negotiating
809,Brightbean,Visionary systemic core,Maria,575881.61,2016-10-30,Negotiating
810,Youspan,Virtual leading edge success,Bob,844604.46,2016-12-03,Negotiating
811,Janyx,Streamlined composite hub,Bob,979508.93,2017-01-26,ClosedWon
812,Edgetag,Versatile methodical array,Olivier,28020.87,2016-09-20,Prospecting
813,Plajo,Extended next generation neural-net,Maria,682606.51,2016-07-23,ClosedWon
814,Shufflester,Up-sized real-time projection,Maria,314162.67,2016-10-19,Prospecting
815,JumpXS,Enhanced human-resource project,Bill,492337.20,2017-01-11,ClosedLost
816,Oyonder,Networked multi-state model,Olivier,978099.77,2016-11-05,ClosedLost
817,Yodo,Distributed systemic budgetary management,Bob,843009.46,2017-01-29,Developing
818,Gabtype,Team-oriented directional pricing structure,Bill,631749.69,2016-10-31,ClosedWon
819,Edgewire,Innovative executive benchmark,Chris,851284.69,2017-03-20,Prospecting
820,Vitz,Programmable explicit groupware,Chris,610552.43,2016-10-20,Negotiating
821,Oyope,Exclusive eco-centric circuit,Bill,363476.82,2017-03-05,Developing
822,Yambee,De-engineered bifurcated database,Maria,496655.82,2016-12-25,Prospecting
823,Yacero,Managed bifurcated focus group,Chris,236140.94,2016-11-12,Prospecting
824,Midel,Progressive background open architecture,Maria,896402.52,2016-09-22,Developing
825,Ooba,Multi-layered real-time software,Maria,216869.56,2017-03-30,Developing
826,Skyba,Inverse motivating database,Chris,308438.62,2016-09-23,ClosedLost
827,Dynava,Fully-configurable system-worthy budgetary management,Bob,808705.62,2016-07-25,Negotiating
828,BlogXS,Cross-group actuating attitude,Bob,449439.20,2016-12-19,ClosedLost
829,Fivechat,Ergonomic bifurcated interface,Bill,123152.67,2016-08-22,Developing
830,Fadeo,Multi-layered grid-enabled approach,Olivier,605559.76,2016-12-06,Negotiating
831,Roomm,Advanced stable migration,Maria,34491.58,2016-12-28,ClosedLost
832,Wikizz,Triple-buffered zero tolerance open system,Bill,520768.88,2016-08-09,ClosedWon
833,Zooveo,Synchronised user-facing productivity,Bill,647650.11,2016-10-20,ClosedLost
834,Shuffledrive,Exclusive human-resource projection,Bill,816507.51,2017-03-28,Developing
835,Twiyo,Exclusive actuating task-force,Maria,723813.82,2016-07-09,Negotiating
836,Mita,Pre-emptive bi-directional adapter,Olivier,324316.44,2016-11-23,Prospecting
837,Dazzlesphere,Face to face radical extranet,Bill,995123.55,2016-09-10,Negotiating
838,Agimba,Switchable mission-critical function,Bill,914461.49,2016-09-07,Negotiating
839,Wikibox,Cloned systemic secured line,Olivier,895404.90,2016-09-21,Developing
840,Dynava,Pre-emptive 5th generation artificial intelligence,Maria,407972.23,2016-12-24,ClosedLost
841,Oyondu,Self-enabling holistic matrices,Bill,441517.58,2017-01-30,Negotiating
842,Brainsphere,Quality-focused attitude-oriented migration,Bill,691485.32,2016-08-16,Developing
843,Dynava,Team-oriented asymmetric protocol,Maria,782873.55,2017-01-04,Prospecting
844,Skyndu,Triple-buffered fault-tolerant methodology,Olivier,154490.50,2016-08-31,Negotiating
845,Fiveclub,Front-line foreground time-frame,Bob,337338.54,2017-02-05,Negotiating
846,Flipstorm,Team-oriented motivating policy,Bill,117518.37,2017-01-10,ClosedLost
847,Kwinu,Devolved motivating complexity,Bill,16150.49,2016-08-05,Developing
848,Blognation,Business-focused modular task-force,Maria,192172.01,2016-08-15,Prospecting
849,Roombo,Synergized global process improvement,Olivier,120545.66,2017-01-15,ClosedWon
850,Jaxnation,Networked cohesive methodology,Bob,419216.42,2017-02-26,ClosedWon
851,Gigashots,Organized holistic structure,Chris,944069.13,2016-07-28,Negotiating
852,Realmix,Advanced radical focus group,Bill,456316.03,2017-03-16,Negotiating
853,Tagpad,Enterprise-wide regional encryption,Olivier,383621.73,2016-10-17,ClosedWon
854,Gigaclub,Cross-group radical model,Chris,319143.92,2016-11-08,ClosedLost
855,Mycat,Exclusive regional benchmark,Olivier,22623.29,2017-01-28,ClosedLost
856,Jaxnation,Distributed systematic encryption,Chris,107497.19,2016-09-17,Prospecting
857,BlogXS,Multi-layered zero tolerance budgetary management,Bill,971450.87,2016-08-24,Negotiating
858,Browsedrive,Enterprise-wide leading edge methodology,Chris,774123.03,2017-02-26,ClosedLost
859,Mydeo,Visionary didactic matrices,Olivier,22704.49,2016-10-08,Developing
860,Kwimbee,Adaptive explicit collaboration,Bill,424433.09,2017-01-29,Prospecting
861,Rhycero,Switchable methodical initiative,Maria,619834.90,2016-09-13,ClosedWon
862,Trupe,Synchronised clear-thinking success,Maria,311725.01,2016-09-19,Prospecting
863,Leexo,Compatible encompassing software,Chris,936705.50,2016-07-25,Developing
864,Jetwire,Business-focused national frame,Chris,746747.35,2016-08-11,Prospecting
865,Twimm,Public-key bi-directional open system,Bob,822943.53,2017-01-02,Prospecting
866,Wikivu,Distributed disintermediate open architecture,Olivier,312817.90,2017-01-12,ClosedLost
867,Browsezoom,Sharable local open system,Chris,207248.87,2016-12-28,ClosedLost
868,Thoughtsphere,Monitored dedicated moderator,Bob,196532.60,2016-09-29,Prospecting
869,Quimba,Realigned modular parallelism,Olivier,355639.95,2017-01-15,Developing
870,Linktype,Reverse-engineered multimedia complexity,Bob,529848.93,2016-10-18,Developing
871,Gigashots,Digitized grid-enabled orchestration,Bob,319702.89,2017-01-20,ClosedLost
872,Oyoyo,Optional full-range pricing structure,Bill,688947.82,2017-02-08,Negotiating
873,Edgepulse,Open-source multi-tasking capability,Bill,207231.78,2017-02-10,Negotiating
874,Trunyx,Business-focused tangible policy,Bill,647849.90,2016-09-18,ClosedLost
875,Yacero,Integrated next generation complexity,Bob,269566.10,2016-10-30,ClosedLost
876,Izio,Organic didactic product,Bob,240948.85,2016-09-05,Developing
877,Browsebug,Extended encompassing contingency,Bill,317707.56,2017-01-27,Negotiating
878,Divanoodle,Robust modular forecast,Olivier,626517.51,2016-12-29,Developing
879,Quire,Triple-buffered eco-centric standardization,Maria,666955.31,2016-09-01,Prospecting
880,Kazio,Streamlined neutral matrix,Bill,32005.96,2017-02-06,ClosedLost
881,Linkbridge,Enhanced real-time intranet,Olivier,791762.79,2016-10-11,Developing
882,Meedoo,Vision-oriented scalable hub,Bill,6337.15,2016-10-29,ClosedWon
883,Kazio,Reverse-engineered local data-warehouse,Maria,233571.76,2016-07-05,Negotiating
884,Realcube,Fully-configurable even-keeled projection,Bill,906529.20,2017-01-01,ClosedLost
885,Fiveclub,Face to face national approach,Olivier,778418.25,2016-09-29,Developing
886,Kwideo,Customizable bi-directional Graphic Interface,Chris,956115.63,2016-11-15,Negotiating
887,Oyonder,Integrated tertiary policy,Chris,323463.00,2017-02-23,Negotiating
888,Plajo,Synergistic bandwidth-monitored ability,Bill,695443.95,2016-11-25,ClosedLost
889,Tagopia,Open-source asymmetric policy,Olivier,874644.56,2017-03-23,Negotiating
890,Photofeed,Ergonomic contextually-based instruction set,Bob,692180.76,2017-01-12,Developing
891,Centimia,Robust mission-critical portal,Chris,338942.28,2016-11-25,Negotiating
892,Rhybox,Implemented systematic middleware,Maria,602152.87,2016-08-23,Prospecting
893,Einti,Balanced 6th generation definition,Bill,103672.45,2016-07-18,ClosedWon
894,Zava,Open-architected object-oriented website,Olivier,112024.24,2016-08-10,Prospecting
895,Abata,Front-line scalable artificial intelligence,Chris,878595.89,2016-12-31,ClosedWon
896,Feedspan,Switchable explicit help-desk,Bill,429913.77,2016-11-16,ClosedWon
897,Bubblemix,Phased optimizing paradigm,Bill,696668.75,2017-02-18,Developing
898,Kayveo,Down-sized analyzing algorithm,Bill,219992.87,2016-09-12,ClosedLost
899,Yakitri,Profound 4th generation approach,Chris,715023.33,2016-12-09,ClosedWon
900,Jaxworks,Visionary full-range function,Chris,240965.87,2016-09-27,Prospecting
901,Meeveo,Reverse-engineered exuding internet solution,Olivier,884012.22,2016-07-15,Developing
902,Quimba,Function-based human-resource workforce,Chris,363042.02,2016-11-08,ClosedWon
903,Quatz,Open-architected object-oriented knowledge user,Maria,612299.27,2017-02-27,Negotiating
904,Devpulse,Grass-roots 6th generation flexibility,Maria,827935.47,2017-02-04,Prospecting
905,Jaxnation,Reduced executive parallelism,Bob,309877.60,2016-09-09,Developing
906,Kaymbo,Vision-oriented methodical hardware,Bob,554663.45,2017-03-22,Negotiating
907,Voomm,Customer-focused stable flexibility,Olivier,85429.89,2016-07-31,Negotiating
908,Shuffledrive,Enterprise-wide responsive definition,Bob,278156.06,2016-12-06,ClosedLost
909,Jabberstorm,Organized responsive productivity,Chris,425116.29,2016-10-02,ClosedLost
910,Livepath,Compatible uniform moderator,Maria,572399.68,2016-12-02,Prospecting
911,Katz,Triple-buffered system-worthy groupware,Chris,577546.23,2016-08-18,Negotiating
912,Devcast,Right-sized 5th generation capacity,Olivier,252318.21,2017-01-09,Negotiating
913,Devcast,Seamless web-enabled moderator,Bob,831749.21,2016-08-18,Developing
914,Tagpad,Synergistic background moratorium,Chris,286767.25,2017-01-14,Negotiating
915,Brainbox,Distributed full-range initiative,Bob,115036.87,2017-03-09,Developing
916,Reallinks,Configurable discrete attitude,Maria,965761.53,2016-08-13,Negotiating
917,Wikizz,Secured incremental budgetary management,Chris,131656.01,2017-03-02,ClosedWon
918,Topiczoom,Automated contextually-based support,Olivier,555076.14,2016-09-24,Negotiating
919,Edgeify,Integrated executive protocol,Olivier,789919.80,2016-07-23,Prospecting
920,Skyba,Right-sized solution-oriented complexity,Bill,664802.59,2016-12-09,Developing
921,Skiba,Pre-emptive high-level support,Bill,832700.09,2016-11-16,Developing
922,Quatz,Devolved asymmetric algorithm,Olivier,110498.92,2016-09-05,ClosedWon
923,Skiba,Fully-configurable eco-centric encryption,Bill,992528.10,2016-09-22,Negotiating
924,Babblestorm,Pre-emptive asynchronous open architecture,Olivier,919579.28,2016-09-26,ClosedWon
925,Livefish,Visionary national collaboration,Maria,149885.49,2016-10-14,Prospecting
926,Meejo,Persevering leading edge knowledge base,Olivier,890052.47,2016-07-18,Developing
927,Wikivu,Cross-platform analyzing system engine,Olivier,857417.48,2016-09-14,ClosedLost
928,Dabfeed,Multi-channelled user-facing emulation,Bill,765378.79,2017-02-25,Negotiating
929,Minyx,Inverse 24 hour forecast,Olivier,246753.81,2017-03-27,Prospecting
930,Gabvine,Quality-focused exuding framework,Bill,710069.92,2016-08-12,Developing
931,Twitternation,Grass-roots incremental analyzer,Olivier,84162.88,2017-01-15,Negotiating
932,Jabbersphere,Adaptive impactful solution,Olivier,990296.52,2016-08-02,Developing
933,Mymm,Phased needs-based orchestration,Chris,696124.25,2017-01-10,Prospecting
934,Camido,Future-proofed systemic pricing structure,Chris,5027.14,2016-07-01,Prospecting
935,Yodel,Business-focused bi-directional algorithm,Bill,779807.19,2016-09-14,Prospecting
936,Zooxo,Implemented intangible neural-net,Maria,776501.42,2016-07-23,Developing
937,Camido,Progressive bi-directional superstructure,Olivier,243695.93,2016-09-27,Prospecting
938,Ainyx,Adaptive upward-trending approach,Bob,72736.77,2016-12-04,ClosedWon
939,Divavu,Customer-focused client-server moderator,Bob,17888.31,2016-11-11,Prospecting
940,Vinte,Self-enabling intermediate methodology,Chris,119177.67,2016-10-31,Prospecting
941,Skyvu,Automated tangible focus group,Maria,874931.38,2016-11-05,Negotiating
942,Browseblab,Profound background groupware,Bill,693477.44,2017-01-25,Prospecting
943,Buzzshare,Triple-buffered real-time knowledge user,Olivier,766631.77,2016-07-14,Developing
944,Realcube,Persevering zero tolerance knowledge user,Olivier,925530.94,2016-08-20,Negotiating
945,Mynte,Seamless object-oriented middleware,Maria,172276.61,2016-09-09,Developing
946,Shufflebeat,Cloned systemic Graphic Interface,Chris,221950.84,2017-02-25,ClosedLost
947,Gigashots,Synchronised bandwidth-monitored encoding,Olivier,447713.59,2016-11-16,ClosedLost
948,Jayo,Business-focused context-sensitive frame,Bill,380863.20,2016-10-15,ClosedWon
949,Zoonoodle,Reactive scalable attitude,Olivier,434532.83,2017-03-01,ClosedLost
950,Meevee,Visionary exuding strategy,Olivier,189889.25,2016-07-06,Developing
951,Kayveo,Function-based even-keeled array,Maria,10673.83,2016-12-12,ClosedLost
952,Wordware,Seamless foreground moratorium,Bob,305535.14,2017-03-08,Developing
953,Jaxworks,Exclusive clear-thinking installation,Chris,639097.24,2016-09-01,ClosedWon
954,Devcast,Decentralized client-driven project,Olivier,224242.39,2017-03-18,Negotiating
955,Realpoint,Seamless uniform approach,Chris,999395.41,2016-09-04,ClosedWon
956,Feedfire,Function-based radical customer loyalty,Chris,913935.16,2016-11-09,Negotiating
957,Fanoodle,Fundamental encompassing complexity,Bob,953546.73,2017-01-01,Negotiating
958,Latz,Fully-configurable actuating approach,Bill,857254.87,2016-10-08,ClosedWon
959,Trupe,Down-sized optimizing middleware,Olivier,500802.29,2016-10-07,ClosedWon
960,Yodoo,Re-engineered asynchronous capability,Chris,351558.98,2016-12-12,Developing
961,LiveZ,Object-based next generation methodology,Olivier,744026.61,2016-10-22,Prospecting
962,Wikibox,Persistent multimedia adapter,Maria,835404.24,2016-10-28,ClosedWon
963,Feednation,Reduced maximized Graphic Interface,Maria,839141.02,2016-07-13,Negotiating
964,Skiba,Centralized interactive artificial intelligence,Olivier,296986.50,2017-03-12,ClosedWon
965,Aimbo,Self-enabling asynchronous interface,Bob,720572.40,2016-09-15,ClosedLost
966,Ozu,Fundamental holistic encoding,Olivier,545762.08,2016-07-28,ClosedLost
967,Bubbletube,Realigned optimal local area network,Chris,384065.87,2016-07-27,ClosedLost
968,Yodoo,Devolved systematic extranet,Bill,790490.85,2016-12-06,Negotiating
969,Youspan,Enterprise-wide content-based open system,Olivier,672452.18,2016-12-15,Developing
970,Youtags,Advanced global throughput,Bill,463304.51,2016-08-08,Developing
971,Brightdog,Enhanced static product,Chris,884850.45,2016-10-05,ClosedLost
972,Twitterworks,Streamlined mobile migration,Maria,686344.06,2016-09-13,ClosedLost
973,Quatz,Polarised asymmetric groupware,Bob,684700.10,2016-11-14,Developing
974,Agimba,Multi-layered modular architecture,Olivier,176645.52,2016-09-20,Prospecting
975,Brainbox,Multi-layered neutral middleware,Maria,86270.36,2017-01-30,Developing
976,Edgeclub,Decentralized asymmetric neural-net,Chris,326280.40,2016-09-09,ClosedLost
977,Tagtune,Expanded local infrastructure,Olivier,938082.09,2016-08-18,ClosedWon
978,Agivu,Exclusive fault-tolerant standardization,Chris,578949.81,2016-11-25,Negotiating
979,Voonyx,Ergonomic web-enabled approach,Chris,943818.52,2016-12-29,Negotiating
980,Meezzy,Compatible exuding productivity,Bill,767691.90,2016-08-05,Negotiating
981,Brightdog,Optimized asynchronous customer loyalty,Chris,754375.93,2016-12-19,Developing
982,Realcube,Robust static hardware,Olivier,29907.97,2016-07-02,Prospecting
983,Twimbo,Profound coherent flexibility,Chris,226032.15,2016-12-08,Negotiating
984,Realblab,Multi-layered impactful help-desk,Bob,67272.85,2017-03-19,Prospecting
985,Demizz,Seamless motivating workforce,Bob,961538.47,2016-07-26,Prospecting
986,Thoughtsphere,Automated value-added system engine,Chris,986162.07,2017-02-24,ClosedLost
987,Voonix,Ameliorated methodical circuit,Bill,503155.22,2017-01-20,ClosedWon
988,Voolia,Progressive directional array,Bob,771017.08,2017-03-03,Prospecting
989,Izio,Centralized radical monitoring,Chris,952817.58,2016-12-14,Developing
990,Meembee,Programmable radical analyzer,Chris,233181.92,2016-09-12,Developing
991,Oozz,Implemented multimedia project,Olivier,413187.44,2016-08-09,ClosedLost
992,Zoomcast,Open-source disintermediate benchmark,Chris,419168.86,2016-09-29,Negotiating
993,Kwinu,Phased global emulation,Bob,824671.58,2016-11-24,ClosedLost
994,Abata,Open-architected human-resource capability,Chris,922322.39,2017-01-21,Negotiating
995,Roombo,Total well-modulated moratorium,Olivier,41348.79,2016-12-12,ClosedWon
996,Shuffledrive,Fundamental directional adapter,Olivier,186679.42,2017-02-13,ClosedLost
997,Dabvine,Persevering fault-tolerant frame,Chris,22545.33,2016-08-27,ClosedLost
998,Tagtune,De-engineered clear-thinking leverage,Chris,651179.56,2016-08-03,ClosedLost
999,Livefish,Decentralized leading edge data-warehouse,Chris,542404.75,2016-10-18,ClosedLost
1000,Zoomcast,User-centric 5th generation circuit,Chris,715497.49,2017-03-02,ClosedWon
